 gellert;03-04-08 15.20.44;http://aspro01.npd.ufsc.br/cagr/camt/atestadoMatricula2.asp;hp deskjet 5550 series;1
 gellert;03-04-08 15.16.50;http://aspro01.npd.ufsc.br/cagr/camt/atestadoMatricula2.asp;HP LaserJet 2300 Series PCL6;1
 gellert;03-04-08 10.11.46;spt 1.pdf;HP LaserJet 2300 Series PCL6;7
 gellert;03-04-08 10.06.37;spt 1.pdf;HP LaserJet 2300 Series PCL6;1
 gellert;03-04-08 10.06.02;spt 2.pdf;HP LaserJet 2300 Series PCL6;6
 luizfelipek;02-04-08 18.51.30;http://www.sciencedirect.com/sc.PDF;HP LaserJet 2300 Series PCL6;6
 luizfelipek;02-04-08 18.49.19;http://www.sciencedirect.com/sc.PDF;HP LaserJet 2300 Series PCL6;6
 luizfelipek;02-04-08 18.48.56;http://www.sciencedirect.com/sc.PDF;HP LaserJet 2300 Series PCL6;6
 luizfelipek;02-04-08 18.46.56;http://www.sciencedirect.com/sc.PDF;HP LaserJet 2300 Series PCL6;6
 luizfelipek;02-04-08 18.43.23;http://www.sciencedirect.com/sc.PDF;HP LaserJet 2300 Series PCL6;7
 luizfelipek;02-04-08 18.35.45;http://www.sciencedirect.com/sc.PDF;HP LaserJet 2300 Series PCL6;7
 luizfelipek;02-04-08 18.25.09;Laser_cleaning_of_metal_stock.p.PDF;HP LaserJet 2300 Series PCL6;3
 luizfelipek;02-04-08 18.04.33;http://www.sciencedirect.com/sc.PDF;HP LaserJet 2300 Series PCL6;5
 gellert;02-04-08 17.34.07;Microsoft Word - Caracterização - MCK automotive.doc;HP LaserJet 2300 Series PCL6;1
 gellert;02-04-08 15.36.44;Microsoft Word - adada_des_pro_sust.doc;HP LaserJet 2300 Series PCL6;2
 gellert;02-04-08 15.34.24;Microsoft Word - adada_des_pro_sust.doc;HP LaserJet 2300 Series PCL6;2
 gellert;02-04-08 15.34.21;Microsoft Word - Ambiental - ficha 7.doc;HP LaserJet 2300 Series PCL6;2
 gellert;02-04-08 14.40.08;Microsoft Word - Documento1;HP LaserJet 2300 Series PCL6;1
 gellert;02-04-08 09.52.32;Microsoft Word - Resenha erick desenvolvimento de prod sustentaveis.doc;HP LaserJet 2300 Series PCL6;2
 gellert;01-04-08 16.25.41;misturadorusicon - Folha1;HP LaserJet 2300 Series PCL6;1
 gellert;01-04-08 16.25.24;tubo2020usicon - Folha1;HP LaserJet 2300 Series PCL6;1
 gellert;01-04-08 16.23.27;tubo2050usicon - Folha1;HP LaserJet 2300 Series PCL6;1
 gellert;01-04-08 16.21.37;tubo2020usicon - Folha1;HP LaserJet 2300 Series PCL6;1
 gellert;01-04-08 16.20.00;misturadorusicon - Folha1;HP LaserJet 2300 Series PCL6;1
 gellert;01-04-08 16.17.52;misturadorusicon - Folha1;HP LaserJet 2300 Series PCL6;1
 gellert;01-04-08 16.02.25;tubo2020usicon - Folha1;HP LaserJet 2300 Series PCL6;1
 gellert;01-04-08 15.52.18;tubo2050usicon - Folha1;HP LaserJet 2300 Series PCL6;1
 gellert;01-04-08 15.49.52;20.50.110 - Folha1;HP LaserJet 2300 Series PCL6;1
 gellert;01-04-08 15.46.36;misturadorusicon - Folha1;HP LaserJet 2300 Series PCL6;1
 gellert;01-04-08 14.41.03;Microsoft Word - Documento em Microsoft Internet Explorer;HP LaserJet 2300 Series PCL6;1
 gellert;01-04-08 07.52.28;BRUNO GELLERT.pdf;HP LaserJet 2300 Series PCL6;1
 gellert;01-04-08 07.51.29;Gmail - [Boletos HOEPERS] [CPF=33416649800] - [SAO];HP LaserJet 2300 Series PCL6;2
 gellert;31-03-08 22.44.05;COBREQ;HP LaserJet 2300 Series PCL6;6
 gellert;31-03-08 22.28.36;C:\Documents and Settings\gelle.PDF;HP LaserJet 2300 Series PCL6;2
 gellert;31-03-08 22.18.44;http://www.essexparts.com/Catal.PDF;HP LaserJet 2300 Series PCL6;1
 gellert;31-03-08 22.18.18;http://www.freepatentsonline.co.PDF;HP LaserJet 2300 Series PCL6;11
 gellert;31-03-08 22.14.40;laser cleaning friction products brake pad;HP LaserJet 2300 Series PCL6;1
 gellert;31-03-08 21.57.07;laser cleaning friction products brake pad;HP LaserJet 2300 Series PCL6;1
 gellert;31-03-08 21.05.47;http://www.sciencedirect.com/sc.PDF;HP LaserJet 2300 Series PCL6;4
 gellert;31-03-08 21.03.26;http://www.sciencedirect.com/sc.PDF;HP LaserJet 2300 Series PCL6;18
 gellert;31-03-08 13.43.35;Forscher Solutions Provider;HP LaserJet 2300 Series PCL6;2
 gellert;31-03-08 13.43.15;Forscher Solutions Provider;HP LaserJet 2300 Series PCL6;2
 gellert;31-03-08 10.38.56;9 - Folha1;HP LaserJet 2300 Series PCL6;1
 gellert;31-03-08 10.38.34;8 - Folha1;HP LaserJet 2300 Series PCL6;1
 gellert;31-03-08 10.38.21;7 - Folha1;HP LaserJet 2300 Series PCL6;1
 gellert;31-03-08 10.38.07;6 - Folha1;HP LaserJet 2300 Series PCL6;1
 gellert;31-03-08 10.37.58;5 - Folha1;HP LaserJet 2300 Series PCL6;1
 gellert;31-03-08 10.37.49;4 - Folha1;HP LaserJet 2300 Series PCL6;1
 gellert;31-03-08 10.37.18;3 - Folha1;HP LaserJet 2300 Series PCL6;1
 gellert;31-03-08 10.37.05;2 - Folha1;HP LaserJet 2300 Series PCL6;1
 gellert;31-03-08 10.36.51;1 - Folha1;HP LaserJet 2300 Series PCL6;1
 gellert;31-03-08 10.35.54;Assem1 - Folha1;HP LaserJet 2300 Series PCL6;1
 gellert;31-03-08 09.05.49;Microsoft Word - Atividades.doc;hp deskjet 5550 series;1
 gellert;31-03-08 08.49.15;Microsoft Word - Atividades.doc;HP LaserJet 2300 Series PCL6;1
 gellert;31-03-08 08.48.20;Microsoft Word - Atividades.doc;HP LaserJet 2300 Series PCL6;1
 gellert;31-03-08 08.47.48;Microsoft Word - Atividades.doc;hp deskjet 5550 series;1
 gellert;31-03-08 08.46.59;Microsoft Word - Atividades.doc;HP LaserJet 2300 Series PCL6;1
 gellert;28-03-08 18.37.15;Plano de Negócios Avancado[1].pdf;HP LaserJet 2300 Series PCL6;29
 gellert;28-03-08 18.15.56;Scan;HP LaserJet 2300 Series PCL6;1
 gellert;28-03-08 18.15.56;Scan;HP LaserJet 2300 Series PCL6;1
 gellert;28-03-08 18.15.55;Scan;HP LaserJet 2300 Series PCL6;1
 gellert;28-03-08 18.15.55;Scan;HP LaserJet 2300 Series PCL6;1
 gellert;28-03-08 18.15.55;Scan;HP LaserJet 2300 Series PCL6;1
 gellert;28-03-08 18.15.55;Scan;HP LaserJet 2300 Series PCL6;1
 gellert;28-03-08 18.15.54;Scan;HP LaserJet 2300 Series PCL6;1
 gellert;28-03-08 18.15.54;Scan;HP LaserJet 2300 Series PCL6;1
 gellert;28-03-08 18.15.54;Scan;HP LaserJet 2300 Series PCL6;1
 gellert;28-03-08 18.15.54;Scan;HP LaserJet 2300 Series PCL6;1
 gellert;28-03-08 18.15.53;Scan;HP LaserJet 2300 Series PCL6;1
 gellert;28-03-08 18.15.53;Scan;HP LaserJet 2300 Series PCL6;1
 gellert;28-03-08 18.15.53;Scan;HP LaserJet 2300 Series PCL6;1
 gellert;28-03-08 18.15.34;Scan;HP LaserJet 2300 Series PCL6;2
 gellert;28-03-08 16.55.27;2050 - Folha1;HP LaserJet 2300 Series PCL6;1
 gellert;28-03-08 16.14.54;2020 - Folha1;HP LaserJet 2300 Series PCL6;1
 gellert;28-03-08 16.14.12;2050 - Folha1;HP LaserJet 2300 Series PCL6;1
 ademir;28-03-08 14.50.36;http://bl106w.blu106.mail.live.com/mail/PrintShell.aspx?type=me;HP LaserJet 2300 Series PCL6;1
 gellert;26-03-08 15.54.44;-crachá.bmp-.bmp;HP LaserJet 2300 Series PCL6;1
 gellert;26-03-08 14.14.04;Microsoft Word - elementos do meio ambiente Erick.doc;HP LaserJet 2300 Series PCL6;2
 gellert;26-03-08 14.13.47;Microsoft Word - Ambiental - ficha 5.doc;HP LaserJet 2300 Series PCL6;2
 gellert;26-03-08 14.13.46;Microsoft Word - Ambiental - ficha 6.doc;HP LaserJet 2300 Series PCL6;2
 gellert;26-03-08 14.09.40;Microsoft Word - ficha_residuos_adada.doc;HP LaserJet 2300 Series PCL6;2
 gellert;26-03-08 14.07.59;Microsoft Word - ficha_residuos_adada.doc;HP LaserJet 2300 Series PCL6;2
 gellert;26-03-08 14.05.19;Microsoft Word - residuos solidos.doc;HP LaserJet 2300 Series PCL6;2
 gellert;26-03-08 10.08.50;Microsoft Word - Realidade.doc;HP LaserJet 2300 Series PCL6;1
 gellert;26-03-08 10.08.08;Microsoft Word - Realidade.doc;HP LaserJet 2300 Series PCL6;1
 gellert;26-03-08 10.06.28;Microsoft Word - Realidade.doc;HP LaserJet 2300 Series PCL6;1
 gellert;26-03-08 10.05.12;Microsoft Word - Realidade.doc;HP LaserJet 2300 Series PCL6;1
 gellert;26-03-08 10.05.11;Microsoft Word - Realidade.doc;HP LaserJet 2300 Series PCL6;1
 gellert;26-03-08 10.04.20;Microsoft Word - Realidade.doc;HP LaserJet 2300 Series PCL6;1
 gellert;26-03-08 10.03.06;Microsoft Word - Realidade.doc;HP LaserJet 2300 Series PCL6;1
 gellert;26-03-08 10.02.56;Microsoft Word - Realidade.doc;HP LaserJet 2300 Series PCL6;1
 gellert;26-03-08 10.02.07;Microsoft Word - Realidade.doc;HP LaserJet 2300 Series PCL6;1
 gellert;26-03-08 10.01.41;Microsoft Word - Realidade.doc;HP LaserJet 2300 Series PCL6;1
 gellert;26-03-08 10.01.26;Microsoft Word - Realidade.doc;HP LaserJet 2300 Series PCL6;1
 gellert;26-03-08 09.25.29;Microsoft Word - Documento1;HP LaserJet 2300 Series PCL6;1
 gellert;26-03-08 09.22.47;Microsoft Word - metodos.doc;HP LaserJet 2300 Series PCL6;1
 gellert;26-03-08 09.21.29;Microsoft Word - metodos.doc;HP LaserJet 2300 Series PCL6;1
 gellert;25-03-08 19.50.16;Impressão de fax em página inteira;HP LaserJet 2300 Series PCL6;1
 gellert;25-03-08 19.46.50;pinca do disco 2(modificado) - ;HP LaserJet 2300 Series PCL6;1
 gellert;25-03-08 19.46.50;pinca do disco 2(modificado) - ;HP LaserJet 2300 Series PCL6;1
 gellert;25-03-08 16.44.15;misturador - Folha1;HP LaserJet 2300 Series PCL6;1
 gellert;25-03-08 15.06.07;mistureck - Folha1;HP LaserJet 2300 Series PCL6;1
 gellert;25-03-08 09.11.22;http://mail.google.com/mail/?ui=1&ik=1396e17974&view=pt&search=;HP LaserJet 2300 Series PCL6;2
 luizbarbetta;24-03-08 16.45.55;Microsoft Word - Documento1;HP LaserJet 2300 Series PCL6;1
 gellert;24-03-08 12.07.44;cota6 - Folha1;HP LaserJet 2300 Series PCL6;1
 gellert;24-03-08 11.57.16;cota5 - Folha1;HP LaserJet 2300 Series PCL6;1
 gellert;24-03-08 11.55.28;cota3 - Folha1;HP LaserJet 2300 Series PCL6;1
 gellert;24-03-08 11.52.26;cota2 - Folha1;HP LaserJet 2300 Series PCL6;1
 gellert;24-03-08 11.50.02;cota1 - Folha1;HP LaserJet 2300 Series PCL6;1
 gellert;24-03-08 11.47.03;cota4 - Folha1;HP LaserJet 2300 Series PCL6;1
 gellert;24-03-08 11.38.18;cota3 - Folha1;HP LaserJet 2300 Series PCL6;1
 gellert;24-03-08 11.36.01;cota2 - Folha1;HP LaserJet 2300 Series PCL6;1
 gellert;24-03-08 11.28.48;cota1 - Folha1;HP LaserJet 2300 Series PCL6;1
 gellert;24-03-08 11.15.56;Assem1 - Folha1.mdi;HP LaserJet 2300 Series PCL6;1
 gellert;24-03-08 11.15.41;cota1 - Folha1;HP LaserJet 2300 Series PCL6;1
 gellert;24-03-08 11.10.58;Assem1 - Folha1.mdi;HP LaserJet 2300 Series PCL6;1
 gellert;24-03-08 11.08.17;Assem1 - Folha1.mdi;HP LaserJet 2300 Series PCL6;1
 luizfelipek;24-03-08 10.35.38;Microsoft Word - Ficha de inscrição AIESEC.doc;HP LaserJet 2300 Series PCL6;3
 luizfelipek;24-03-08 09.41.12;ISO-8859-1''%4D%65%63%46%6C%75%.PDF;HP LaserJet 2300 Series PCL6;1
 gellert;20-03-08 20.00.32;transfe - Folha1;HP LaserJet 2300 Series PCL6;1
 gellert;20-03-08 18.59.26;pinca do disco 2;HP LaserJet 2300 Series PCL6;1
 gellert;20-03-08 18.56.25;pinca do disco 2;HP LaserJet 2300 Series PCL6;1
 gellert;20-03-08 18.41.33;Print porta pinça.jpg (1 page);hp deskjet 5550 series;1
 gellert;20-03-08 18.40.40;Print porta pinça.jpg (1 page);hp deskjet 5550 series;1
 gellert;20-03-08 18.39.45;Print porta pinça.jpg (1 page);hp deskjet 5550 series;1
 gellert;20-03-08 18.38.55;Print porta pinça.jpg (1 page);hp deskjet 5550 series;1
 gellert;20-03-08 15.30.46;Gmail - Estágio - Universidade Federal de Santa Catarina;HP LaserJet 2300 Series PCL6;1
 gellert;20-03-08 15.30.01;Microsoft PowerPoint - estagio.ppt;HP LaserJet 2300 Series PCL6;1
 luizfelipek;20-03-08 14.02.48;http://www.polo.ufsc.br/admin/e.PDF;HP LaserJet 2300 Series PCL6;3
 luizfelipek;20-03-08 14.01.57;http://www.polo.ufsc.br/admin/e.PDF;HP LaserJet 2300 Series PCL6;4
 gellert;20-03-08 12.30.15;peca_jp1;HP LaserJet 2300 Series PCL6;1
 gellert;20-03-08 12.26.52;peca_jp1;HP LaserJet 2300 Series PCL6;1
 gellert;20-03-08 11.19.53;peca_jp1 - Folha1;HP LaserJet 2300 Series PCL6;1
 gellert;20-03-08 10.46.18;peca_jp1[2];HP LaserJet 2300 Series PCL6;1
 gellert;20-03-08 10.45.01;peca_jp1[2];HP LaserJet 2300 Series PCL6;1
 gellert;20-03-08 10.44.46;peca_jp1[2];HP LaserJet 2300 Series PCL6;1
 gellert;20-03-08 10.44.31;peca_jp1[2];HP LaserJet 2300 Series PCL6;1
 gellert;20-03-08 10.42.36;peca_jp1[2];HP LaserJet 2300 Series PCL6;1
 gellert;20-03-08 10.41.02;peca_jp1[2];HP LaserJet 2300 Series PCL6;1
 gellert;19-03-08 23.23.43;Microsoft PowerPoint - Apresentação1.ppt;hp deskjet 5550 series;1
 gellert;19-03-08 23.17.26;Microsoft PowerPoint - Apresentação1.ppt;hp deskjet 5550 series;1
 gellert;19-03-08 23.15.12;Microsoft PowerPoint - Apresentação1.ppt;hp deskjet 5550 series;1
 gellert;19-03-08 17.07.35;Curriculum vitaecom foto.pdf;HP LaserJet 2300 Series PCL6;3
 gellert;19-03-08 17.07.07;Microsoft Word - Carta de requerimento para intercâmbio Portugal.doc;HP LaserJet 2300 Series PCL6;1
 gellert;19-03-08 16.53.12;UFSC/NPD - Histórico escolar de graduação;HP LaserJet 2300 Series PCL6;4
 gellert;19-03-08 16.21.58;churras1.xls;HP LaserJet 2300 Series PCL6;1
 gellert;19-03-08 15.56.29;etq1.pdf;hp deskjet 5550 series;1
 gellert;19-03-08 14.52.32;http://cemabr.googlegroups.com/.PDF;HP LaserJet 2300 Series PCL6;1
 gellert;19-03-08 14.50.06;http://cemabr.googlegroups.com/.PDF;HP LaserJet 2300 Series PCL6;1
 gellert;19-03-08 14.19.03;Microsoft PowerPoint - Apresentação1.ppt;hp deskjet 5550 series;1
 gellert;19-03-08 14.16.44;Microsoft PowerPoint - Apresentação1.ppt;hp deskjet 5550 series;1
 gellert;19-03-08 14.14.40;Microsoft PowerPoint - Apresentação1.ppt;hp deskjet 5550 series;1
 gellert;19-03-08 14.13.37;Microsoft PowerPoint - Apresentação1.ppt;hp deskjet 5550 series;1
 gellert;19-03-08 14.11.30;Microsoft PowerPoint - Apresentação1.ppt;hp deskjet 5550 series;1
 gellert;19-03-08 14.09.00;Microsoft PowerPoint - Apresentação1.ppt;hp deskjet 5550 series;1
 gellert;19-03-08 14.08.29;Microsoft PowerPoint - Apresentação1.ppt;hp deskjet 5550 series;4
 gellert;19-03-08 14.06.43;Microsoft Word - Resenha Tema 3_2_.doc;hp deskjet 5550 series;1
 gellert;19-03-08 14.04.26;Microsoft Word - Resenha Tema 3_2_.doc;HP LaserJet 2300 Series PCL6;1
 gellert;19-03-08 14.04.09;Microsoft Word - Resenha Tema 3_2_.doc;HP LaserJet 2300 Series PCL6;1
 gellert;19-03-08 10.16.10;C:\Documents and Settings\gellert\Configurações locais\Dados de aplicativos\Mozilla\Firefox\Profiles\vzw2bbk0.default\Cache\F32B46DAd01.pdf;hp deskjet 5550 series;1
 gellert;19-03-08 10.15.01;C:\Documents and Settings\gelle.PDF;hp deskjet 5550 series;1
 luizfelipek;19-03-08 10.12.01;Microsoft Word - Luiz B - mpdelo declaracao_inicio_atividade.doc;HP LaserJet 2300 Series PCL6;1
 luizfelipek;19-03-08 10.11.44;Microsoft Word - Luiz B - modelo declaracao_nao_vinculo.doc;HP LaserJet 2300 Series PCL6;1
 luizfelipek;19-03-08 10.11.30;Microsoft Word - Luiz B - modelo declaracao_adm.doc;HP LaserJet 2300 Series PCL6;1
 luizfelipek;19-03-08 10.10.46;Microsoft Word - Luiz B - formulário de dados do bolsista.doc;HP LaserJet 2300 Series PCL6;2
 luizfelipek;19-03-08 10.08.35;Microsoft Word - Luiz Felipe - mpdelo declaracao_inicio_atividade.doc;HP LaserJet 2300 Series PCL6;1
 luizfelipek;19-03-08 10.08.20;Microsoft Word - Luiz Felipe - modelo declaracao_nao_vinculo.doc;HP LaserJet 2300 Series PCL6;1
 luizfelipek;19-03-08 10.07.58;Microsoft Word - Luiz Felipe - modelo declaracao_adm.doc;HP LaserJet 2300 Series PCL6;1
 luizfelipek;19-03-08 10.07.35;Microsoft Word - Luiz Felipe- Formulário de dados do bolsista.doc;HP LaserJet 2300 Series PCL6;2
 gellert;18-03-08 20.54.16;C:\Documents and Settings\gelle.PDF;HP LaserJet 2300 Series PCL6;1
 gellert;18-03-08 17.29.11;Peçagian - Folha1;HP LaserJet 2300 Series PCL6;1
 gellert;18-03-08 15.53.24;Part3 - Folha1;HP LaserJet 2300 Series PCL6;1
 gellert;18-03-08 15.00.08;Microsoft Word - Atividades propostas para serem desenvolvidas durante o estagio.doc;HP LaserJet 2300 Series PCL6;1
 gellert;18-03-08 14.57.51;Microsoft Word - Programa estagio Noel.doc;HP LaserJet 2300 Series PCL6;1
 gellert;18-03-08 13.59.23;Horários Definitivos 1803.xls;HP LaserJet 2300 Series PCL6;1
 gellert;18-03-08 13.59.23;Horários Definitivos 1803.xls;HP LaserJet 2300 Series PCL6;1
 gellert;18-03-08 13.55.27;Microsoft PowerPoint - Apresentação LMP_;HP LaserJet 2300 Series PCL6;8
 gellert;18-03-08 13.53.03;Microsoft Word - projeto_BOLSAS2008.doc;HP LaserJet 2300 Series PCL6;2
 edgar;18-03-08 12.02.43;Microsoft Word - Edgar Macari Junior.doc;HP LaserJet 2300 Series PCL6;1
 gellert;18-03-08 11.28.38;Medição sem contato para material de pastilhas de freio;HP LaserJet 2300 Series PCL6;2
 gellert;18-03-08 11.15.47;Microsoft Word - ABF53F9F.doc;HP LaserJet 2300 Series PCL6;2
 gellert;18-03-08 11.14.05;placa - Folha1;HP LaserJet 2300 Series PCL6;1
 gellert;18-03-08 11.06.45;placa - Folha1;HP LaserJet 2300 Series PCL6;1
 gellert;18-03-08 11.03.01;placa - Folha1;HP LaserJet 2300 Series PCL6;1
 gellert;18-03-08 10.55.45;placa - Folha1;HP LaserJet 2300 Series PCL6;1
 gellert;18-03-08 10.51.16;Part3;HP LaserJet 2300 Series PCL6;1
 gellert;18-03-08 10.49.34;Microsoft Word - PLANO DE NEG%C3%93CIOS EXECUTIVO[1].doc;HP LaserJet 2300 Series PCL6;4
 danieldag;18-03-08 10.43.06;Microsoft Word - relatório 2003.doc;HP LaserJet 2300 Series PCL6;11
 gellert;18-03-08 10.29.11;Microsoft Word - PLANO DE NEGÓCIOS EXECUTIVO.doc;HP LaserJet 2300 Series PCL6;4
 gellert;18-03-08 10.07.01;Microsoft Word - Atividades propostas para serem desenvolvidas durante o estagio.doc;HP LaserJet 2300 Series PCL6;1
 gellert;18-03-08 10.06.53;Microsoft Word - Programa estagio JP.doc;HP LaserJet 2300 Series PCL6;1
 luizbarbetta;17-03-08 18.28.01;Microsoft Word - Introdução.doc;HP LaserJet 2300 Series PCL6;9
 luizbarbetta;17-03-08 18.23.10;Microsoft Word - Introdução.doc;HP LaserJet 2300 Series PCL6;9;
 gellert;17-03-08 17.51.00;NPD/UFSC - Sistema Acadêmico da Graduação;HP LaserJet 2300 Series PCL6;2;
 gellert;17-03-08 16.25.35;Microsoft Word - Proposta ao Wendhausen.doc;HP LaserJet 2300 Series PCL6;1;
 gellert;17-03-08 16.25.22;Microsoft Word - Proposta ao Wendhausen.doc;HP LaserJet 2300 Series PCL6;1;
 gellert;17-03-08 15.03.55;http://squirrel.sv4.hmnoc.net/src/read_body.php?passed_id=16&st;HP LaserJet 2300 Series PCL6;2;
 leomortean;17-03-08 14.55.17;down__SV_20Erkl_C3_A4rung_20_C2_A755;property=Daten.pdf;HP LaserJet 2300 Series PCL6;1
 leomortean;17-03-08 14.55.06;down__Pedido_20de_20visto;property=Daten.pdf;HP LaserJet 2300 Series PCL6;4
 leomortean;17-03-08 14.53.02;down__Pedido_20de_20visto;property=Daten.pdf;HP LaserJet 2300 Series PCL6;4
 luizfelipek;17-03-08 13.25.55;Microsoft Word - lista1.doc;HP LaserJet 2300 Series PCL6;3;
 luizbarbetta;16-03-08 19.16.25;Microsoft Word - Documento1;HP LaserJet 2300 Series PCL6;1;
 gellert;15-03-08 00.11.31;misturador.pdf;HP LaserJet 2300 Series PCL6;1;
 gellert;14-03-08 23.42.53;Microsoft Word - modelo_projeto_BOLSAS2008.doc;HP LaserJet 2300 Series PCL6;2;
 gellert;14-03-08 23.42.52;Microsoft Word - edital_bolsas_2008.doc;HP LaserJet 2300 Series PCL6;4;
 gellert;14-03-08 22.53.14;Microsoft Word - atividades.doc;HP LaserJet 2300 Series PCL6;1;
 gellert;14-03-08 17.41.30;Microsoft Word - ENSAIO MECÂNICO ESTÁTICO _equipamentos.doc;HP LaserJet 2300 Series PCL6;1;
 gellert;14-03-08 16.44.19;Microsoft Word - ENSAIO MECÂNICO ESTÁTICO _densidade.doc;HP LaserJet 2300 Series PCL6;1;
 gellert;14-03-08 16.37.24;Windows Live Hotmail;HP LaserJet 2300 Series PCL6;2
 gellert;14-03-08 15.52.20;http://bl105w.blu105.mail.live.com/mail/ReadMessageLight.aspx?A;HP LaserJet 2300 Series PCL6;1
 gellert;14-03-08 15.40.04;Microsoft Word - calor especifico.doc;HP LaserJet 2300 Series PCL6;1
 gellert;14-03-08 15.39.03;Microsoft Word - porosidade.doc;HP LaserJet 2300 Series PCL6;1
 gellert;14-03-08 15.36.37;Microsoft Word - compatiblidade quimica com fluido de freio.doc;HP LaserJet 2300 Series PCL6;1
 gellert;14-03-08 15.36.22;Microsoft Word - compatiblidade quimica com fluido de freio.doc;HP LaserJet 2300 Series PCL6;1
 gellert;14-03-08 15.34.00;Microsoft Word - compatiblidade quimica com fluido de freio.doc;HP LaserJet 2300 Series PCL6;1
 gellert;14-03-08 15.27.15;Microsoft Word - expansão e retração.doc;HP LaserJet 2300 Series PCL6;1
 gellert;14-03-08 15.16.28;Microsoft Word - expansão e retração.doc;HP LaserJet 2300 Series PCL6;1
 gellert;14-03-08 15.13.43;Microsoft Word - pedidos de amostras[1].doc;HP LaserJet 2300 Series PCL6;1
 gellert;14-03-08 15.06.09;Ensaio mecânico estático - expansão e retração.xls;HP LaserJet 2300 Series PCL6;1
 edgar;14-03-08 10.27.57;Microsoft Word - Emails_LMP.doc;HP LaserJet 2300 Series PCL6;3
 helio;14-03-08 08.52.47;Microsoft Word - Documento1;HP LaserJet 2300 Series PCL6;1
 gellert;13-03-08 20.26.12;Microsoft Word - dimenções eixo.doc;HP LaserJet 2300 Series PCL6;1
 gellert;13-03-08 20.07.34;Microsoft Word - ENSAIO MECÂNICO ESTÁTICO_ Expansão e retração.doc;HP LaserJet 2300 Series PCL6;1
 gellert;13-03-08 20.07.09;Microsoft Word - ENSAIO MECÂNICO ESTÁTICO_ Condutibilidade térmica.doc;HP LaserJet 2300 Series PCL6;1
 gellert;13-03-08 20.06.07;Microsoft Word - ENSAIO MECÂNICO ESTÁTICO_porosidade.doc;HP LaserJet 2300 Series PCL6;1
 gellert;13-03-08 20.05.50;Microsoft Word - ENSAIO MECÂNICO ESTÁTICO_calor específico.doc;HP LaserJet 2300 Series PCL6;1
 gellert;13-03-08 20.02.40;Microsoft Word - ENSAIO MECÂNICO ESTÁTICO_compatibilidade química.doc;HP LaserJet 2300 Series PCL6;1
 bottos;13-03-08 16.30.28;NPD/UFSC - Sistema Acadêmico da Graduação;hp deskjet 5550 series;1
 bottos;13-03-08 16.29.12;NPD/UFSC - Sistema Acadêmico da Graduação;hp deskjet 5550 series;1
 bottos;13-03-08 16.27.40;Microsoft Word - Carta de recomendação Walter GAbriel.doc;hp deskjet 5550 series;2
 bottos;13-03-08 12.02.29;Calendário.xls;HP LaserJet 2300 Series PCL6;1
 bottos;13-03-08 12.00.43;Calendário.xls;HP LaserJet 2300 Series PCL6;1
 bottos;13-03-08 11.58.58;Calendário.xls;HP LaserJet 2300 Series PCL6;1
 bottos;13-03-08 11.57.01;Calendário.xls;HP LaserJet 2300 Series PCL6;1
 bottos;13-03-08 11.55.47;Calendário.xls;HP LaserJet 2300 Series PCL6;1
 bottos;13-03-08 11.52.46;Calendário.xls;HP LaserJet 2300 Series PCL6;1
 bottos;13-03-08 11.36.45;NPD/UFSC - Sistema Acadêmico da Graduação;HP LaserJet 2300 Series PCL6;1
 gellert;13-03-08 07.30.02;Microsoft Word - Documento2;HP LaserJet 2300 Series PCL6;1
 gellert;13-03-08 07.28.28;Microsoft Word - Documento1;HP LaserJet 2300 Series PCL6;1
 gellert;12-03-08 20.31.09;Horários Definitivos Geral.xls;HP LaserJet 2300 Series PCL6;1
 gellert;12-03-08 20.30.11;Horários Definitivos Geral.xls;HP LaserJet 2300 Series PCL6;1
 gellert;12-03-08 15.04.54;Microsoft Word - Modelo de ficha de leitura 4 JP.doc;HP LaserJet 2300 Series PCL6;2
 gellert;12-03-08 15.04.24;Microsoft Word - Ficha de Leitura 4 - Projo para uma Nova Economia de Materias.doc;HP LaserJet 2300 Series PCL6;3
 gellert;12-03-08 14.31.53;Microsoft Word - Ambiental - ficha 4.doc;HP LaserJet 2300 Series PCL6;2
 gellert;12-03-08 14.31.42;Microsoft Word - Nova economia.doc;HP LaserJet 2300 Series PCL6;2
 gellert;11-03-08 21.36.32;Microsoft Word - Molde Presa.doc;HP LaserJet 2300 Series PCL6;1
 gellert;11-03-08 19.42.59;Microsoft Word - densidade[1].doc;HP LaserJet 2300 Series PCL6;1
 gellert;11-03-08 19.42.14;Microsoft Word - densidade[1].doc;hp deskjet 5550 series;1
 gellert;11-03-08 19.41.11;Microsoft Word - densidade[1].doc;HP LaserJet 2300 Series PCL6;1
 gellert;11-03-08 19.37.25;Microsoft Word - densidade[1].doc;HP LaserJet 2300 Series PCL6;1
 gellert;11-03-08 19.36.56;Microsoft Word - densidade[1].doc;HP LaserJet 2300 Series PCL6;1
 gellert;11-03-08 19.30.13;Microsoft Word - pedidos de amostras[1].doc;HP LaserJet 2300 Series PCL6;1
 gellert;11-03-08 19.24.50;Microsoft Word - pedidos de amostras.doc;HP LaserJet 2300 Series PCL6;1
 gellert;11-03-08 19.24.46;Microsoft Word - densidade.doc;HP LaserJet 2300 Series PCL6;1
 gellert;11-03-08 19.24.40;Microsoft Word - pedidos de amostras.doc;HP LaserJet 2300 Series PCL6;1
 gellert;11-03-08 19.24.28;Microsoft Word - densidade.doc;HP LaserJet 2300 Series PCL6;1
 luizfelipek;11-03-08 13.28.54;Cap1_Introducao.pdf;HP LaserJet 2300 Series PCL6;26
 luizfelipek;11-03-08 13.24.52;Cap1_Introducao.pdf;HP LaserJet 2300 Series PCL6;1
 gellert;11-03-08 11.26.12;Microsoft Word - info_misturador.doc;HP LaserJet 2300 Series PCL6;1
 gellert;11-03-08 09.55.33;Microsoft Word - Documento em Microsoft Internet Explorer;HP LaserJet 2300 Series PCL6;2
 bottos;11-03-08 09.54.51;Microsoft Word - 39-39Requerimento de Ajuste.doc;HP LaserJet 2300 Series PCL6;1
 gellert;11-03-08 09.52.29;Microsoft Word - info_misturador.doc;HP LaserJet 2300 Series PCL6;1
 victors;10-03-08 16.37.12;Microsoft Word - Victor_S_Alves_2008.1.doc;HP LaserJet 2300 Series PCL6;1
 annepriscila;10-03-08 12.30.51;Microsoft Word - o_mercado_mais_maduro.doc;HP LaserJet 2300 Series PCL6;2
 edgar;10-03-08 12.29.17;https___www16.bancodobrasil.com.pdf;HP LaserJet 2300 Series PCL6;1
 bottos;10-03-08 09.52.21;NPD/UFSC - Sistema Acadêmico da Graduação -;HP LaserJet 2300 Series PCL6;1
 bottos;10-03-08 09.35.21;http://www.cagr.ufsc.br/grade/index.jsp?semestre=20081;HP LaserJet 2300 Series PCL6;1
 bottos;10-03-08 09.31.11;NPD/UFSC - Sistema Acadêmico da Graduação;HP LaserJet 2300 Series PCL6;1
 gellert;10-03-08 09.21.54;Microsoft Word - Documento1;HP LaserJet 2300 Series PCL6;1
 gellert;07-03-08 22.44.32;Microsoft Word - 123[1].doc;HP LaserJet 2300 Series PCL6;1
 gellert;07-03-08 22.39.07;Microsoft PowerPoint - Placa;hp deskjet 5550 series;1
 gellert;07-03-08 22.26.13;Microsoft Word - Atividade 4 de Março 2008.doc;HP LaserJet 2300 Series PCL6;1
 gellert;07-03-08 22.11.23;Microsoft PowerPoint - Placa;hp deskjet 5550 series;1
 gellert;07-03-08 22.07.39;Microsoft Word - Documento1;hp deskjet 5550 series;1
 gellert;07-03-08 22.06.22;Microsoft Word - Atividade 4 de Março 2008.doc;HP LaserJet 2300 Series PCL6;1
 gellert;07-03-08 21.58.38;Microsoft Word - Atividade 4 de Março 2008.doc;HP LaserJet 2300 Series PCL6;1
 gellert;07-03-08 20.47.22;Microsoft Word - Documento1;hp deskjet 5550 series;1
 gellert;07-03-08 20.46.43;Microsoft Word - Documento1;HP LaserJet 2300 Series PCL6;1
 gellert;07-03-08 19.53.01;ASTM_G99-04.pdf;HP LaserJet 2300 Series PCL6;5
 gellert;07-03-08 17.08.00;C:\Documents and Settings\gellert\Configurações locais\Dados de aplicativos\Mozilla\Firefox\Profiles\vzw2bbk0.default\Cache\D31B5BD5d01.pdf;HP LaserJet 2300 Series PCL6;5
 gellert;07-03-08 14.07.46;Microsoft Word - Testes Mecanicos.doc;HP LaserJet 2300 Series PCL6;1
 gellert;07-03-08 14.06.43;Microsoft Word - Projeto Molde.doc;HP LaserJet 2300 Series PCL6;1
 jakson;07-03-08 13.41.58;Cambridge - Hewings - Advanced .PDF;HP LaserJet 2300 Series PCL6;8
 victors;07-03-08 10.33.55;UFSC/NPD - Atestado de Matrícula;HP LaserJet 2300 Series PCL6;1
 victors;07-03-08 10.28.17;Termo de Outorga 2007/2008;HP LaserJet 2300 Series PCL6;2
 gellert;07-03-08 08.18.18;scan0003.jpg;HP LaserJet 2300 Series PCL6;1
 gellert;07-03-08 08.17.57;scan0001.jpg;HP LaserJet 2300 Series PCL6;1
 gellert;07-03-08 08.17.42;scan.jpg;HP LaserJet 2300 Series PCL6;1
 gellert;07-03-08 08.15.41;Microsoft PowerPoint - Aula.ppt;HP LaserJet 2300 Series PCL6;5
 gellert;06-03-08 14.00.42;Microsoft Word - Ficha de Leitura 3 - Programa de Produção Mais Limpa.doc;HP LaserJet 2300 Series PCL6;2
 gellert;06-03-08 13.48.02;http://www.mindat.org/min-3166.html;HP LaserJet 2300 Series PCL6;7
 victors;06-03-08 10.00.07;NPD/UFSC - Sistema Acadêmico da Graduação;HP LaserJet 2300 Series PCL6;1
 gellert;06-03-08 09.05.00;TE67 Pin on disc.pdf;hp deskjet 5550 series;1
 gellert;06-03-08 09.03.25;aplication pin on disc.pdf;HP LaserJet 2300 Series PCL6;11
 gellert;06-03-08 09.02.49;Microsoft Word - Pin ond disc.doc;hp deskjet 5550 series;7
 gellert;05-03-08 21.26.07;Analysis of tribological behavi.PDF;HP LaserJet 2300 Series PCL6;10
 gellert;05-03-08 21.24.36;Wear Behaviour of A356 25SiCp A.PDF;HP LaserJet 2300 Series PCL6;11
 gellert;05-03-08 13.21.32;UFSC/NPD - Atestado de Matrícula;HP LaserJet 2300 Series PCL6;1
 gellert;05-03-08 13.21.11;NPD/UFSC - Sistema Acadêmico da Graduação;HP LaserJet 2300 Series PCL6;1
 gellert;05-03-08 13.20.12;UFSC/NPD - Histórico escolar de graduação;HP LaserJet 2300 Series PCL6;3
 gellert;05-03-08 13.14.15;Microsoft Word - Ficha 6.doc;HP LaserJet 2300 Series PCL6;2
 jakson;05-03-08 10.50.02;Treino Jakson Andretta.xls;HP LaserJet 2300 Series PCL6;1
 gellert;04-03-08 20.55.07;Microsoft Word - Documento1;HP LaserJet 2300 Series PCL6;1
 gellert;04-03-08 20.54.13;Microsoft Word - Configurações de IP.doc;HP LaserJet 2300 Series PCL6;1
 gellert;04-03-08 20.53.24;Microsoft Word - ATIVIDADES ATUAIS 4 de Março.doc;HP LaserJet 2300 Series PCL6;2
 luizfelipek;04-03-08 10.13.46;Microsoft Word - plano de trabalho_Luiz Barbetta.doc;HP LaserJet 2300 Series PCL6;1
 luizfelipek;04-03-08 10.12.26;Microsoft Word - Luiz B - mpdelo declaracao_inicio_atividade.doc;HP LaserJet 2300 Series PCL6;1
 luizfelipek;04-03-08 10.11.58;Microsoft Word - Luiz B - modelo declaracao_nao_vinculo.doc;HP LaserJet 2300 Series PCL6;1
 luizfelipek;04-03-08 10.11.29;Microsoft Word - Luiz B - modelo declaracao_adm.doc;HP LaserJet 2300 Series PCL6;1
 luizfelipek;04-03-08 10.10.43;Microsoft Word - Luiz B - formulário de dados do bolsista.doc;HP LaserJet 2300 Series PCL6;2
 luizfelipek;04-03-08 10.05.02;Microsoft Word - Luiz Felipe - mpdelo declaracao_inicio_atividade.doc;HP LaserJet 2300 Series PCL6;1
 luizfelipek;04-03-08 10.04.38;Microsoft Word - Luiz Felipe - modelo declaracao_nao_vinculo.doc;HP LaserJet 2300 Series PCL6;1
 luizfelipek;04-03-08 10.04.14;Microsoft Word - Luiz Felipe - modelo declaracao_adm.doc;HP LaserJet 2300 Series PCL6;1
 luizfelipek;04-03-08 10.03.09;Microsoft Word - plano de trabalho_Luiz Kloppel.doc;HP LaserJet 2300 Series PCL6;1
 luizfelipek;04-03-08 10.02.37;Microsoft Word - Luiz Felipe- Formulário de dados do bolsista.doc;HP LaserJet 2300 Series PCL6;2
 victors;04-03-08 09.52.57;NPD/UFSC - Sistema Acadêmico da Graduação;hp deskjet 5550 series;1
 victors;04-03-08 09.51.03;NPD/UFSC - Sistema Acadêmico da Graduação;hp deskjet 5550 series;2
 luizfelipek;03-03-08 16.11.31;NPD/UFSC - Sistema Acadêmico da Graduação;hp deskjet 5550 series;2
 jakson;03-03-08 12.43.02;Microsoft Word - Horário LMP 2007-1.doc;HP LaserJet 2300 Series PCL6;1
 jakson;03-03-08 12.41.11;http://www.cagr.ufsc.br/aluno/relatorio.jsp?navegador=ie;HP LaserJet 2300 Series PCL6;1
 jakson;03-03-08 12.35.56;http://www.cagr.ufsc.br/grade/index.jsp?semestre=20081;HP LaserJet 2300 Series PCL6;1
 luizbarbetta;03-03-08 11.40.26;UFSC/NPD - Histórico escolar de graduação;HP LaserJet 2300 Series PCL6;2
 luizbarbetta;03-03-08 11.38.41;UFSC/NPD - Atestado de Matrícula;HP LaserJet 2300 Series PCL6;2
 luizfelipek;03-03-08 09.53.32;Microsoft Word - plano de trabalho_Luiz Barbetta.doc;hp deskjet 5550 series;2
 luizfelipek;03-03-08 09.53.00;Microsoft Word - plano de trabalho_Luiz Kloppel.doc;hp deskjet 5550 series;1
 pinguim;28-02-08 10.01.59;Microsoft Word - Dados Sensor_Prometec.doc;HP LaserJet 2300 Series PCL6;1
 victors;26-02-08 10.21.53;UFSC/NPD - Histórico escolar de graduação;HP LaserJet 2300 Series PCL6;1
 anapaula;23-02-08 10.39.04;Microsoft Word - Documento2;HP LaserJet 2300 Series PCL6;2
 martin;22-02-08 15.14.48;Microsoft Word - Hello Veryzon Network.doc;HP LaserJet 2300 Series PCL6;1
 martin;22-02-08 15.14.37;Microsoft Word - Hello Veryzon Network.doc;HP LaserJet 2300 Series PCL6;1
 martin;22-02-08 15.14.20;Microsoft Word - Hello Veryzon Network.doc;HP LaserJet 2300 Series PCL6;1
 luizfelipek;22-02-08 12.17.02;UFSC/NPD - Histórico escolar de graduação;HP LaserJet 2300 Series PCL6;2
 luizbarbetta;20-02-08 16.11.45;Full page fax print;hp deskjet 5550 series;1
 luizbarbetta;20-02-08 16.03.21;Full page photo print;hp deskjet 5550 series;2
 anapaula;20-02-08 14.47.06;Microsoft Word - Documento1;HP LaserJet 2300 Series PCL6;1
 anapaula;20-02-08 14.24.35;Print cnpq.jpg (1 page);HP LaserJet 2300 Series PCL6;1
 anapaula;20-02-08 14.20.36;REGISTRO5DE5.pdf;HP LaserJet 2300 Series PCL6;1
 anapaula;20-02-08 14.20.14;REGISTRO4DE5.pdf;HP LaserJet 2300 Series PCL6;1
 anapaula;20-02-08 14.19.51;REGISTRO3DE5.pdf;HP LaserJet 2300 Series PCL6;1
 anapaula;20-02-08 14.19.23;REGISTRO2DE5.pdf;HP LaserJet 2300 Series PCL6;1
 anapaula;20-02-08 14.18.57;REGISTRO1DE5.pdf;HP LaserJet 2300 Series PCL6;1
 anapaula;20-02-08 14.18.32;ESCRITURA3DE3.pdf;HP LaserJet 2300 Series PCL6;1
 anapaula;20-02-08 14.17.38;ESCRITURA2DE3.pdf;HP LaserJet 2300 Series PCL6;1
 anapaula;20-02-08 14.16.54;ESCRITURA1DE3.pdf;HP LaserJet 2300 Series PCL6;1
 anapaula;20-02-08 14.05.50;Microsoft Word - AnaPaulaTanaka_final_2008.doc;HP LaserJet 2300 Series PCL6;15
 anapaula;20-02-08 13.41.44;Microsoft Word - AnaPaulaTanaka_final_2008.doc;HP LaserJet 2300 Series PCL6;14
 pinguim;18-02-08 10.49.39;Chapter 1 Analyzer settings.pdf;HP LaserJet 2300 Series PCL6;3
 pinguim;18-02-08 10.48.43;Chapter 1 Analyzer settings.pdf;HP LaserJet 2300 Series PCL6;53
 pinguim;15-02-08 11.52.36;Szene-14.pdf;HP LaserJet 2300 Series PCL6;6
 pinguim;15-02-08 11.49.02;Termo de sigilo Adriano Boaron .PDF;HP LaserJet 2300 Series PCL6;2
 pinguim;15-02-08 11.46.25;Szene-15.pdf;HP LaserJet 2300 Series PCL6;6
 ademir;13-02-08 13.53.04;cv_ademir_marcelino_english_fin.PDF;hp deskjet 5550 series;1
 ademir;13-02-08 13.34.23;cv_ademir_marcelino_english_fin.PDF;hp deskjet 5550 series;2
 pinguim;13-02-08 12.07.04;Microsoft Word - dados para termo de sigilo_adriano boaron.doc;HP LaserJet 2300 Series PCL6;1
 pinguim;13-02-08 12.04.23;Microsoft Word - dados para termo de sigilo_adriano boaron.doc;HP LaserJet 2300 Series PCL6;1
 luizfelipek;08-02-08 09.26.45;UFSC/NPD - Atestado de Matrícula;HP LaserJet 2300 Series PCL6;1
 guigo;06-02-08 17.02.02;Apostila-Ane.pdf;HP LaserJet 2300 Series PCL6;1
 guigo;06-02-08 17.01.07;Apostila-Ane.pdf;HP LaserJet 2300 Series PCL6;1
 guigo;06-02-08 17.00.28;Apostila-Ane.pdf;HP LaserJet 2300 Series PCL6;40
 guigo;06-02-08 16.59.44;Apostila-Ane.pdf;HP LaserJet 2300 Series PCL6;20
 guigo;06-02-08 16.59.22;Apostila-Ane.pdf;HP LaserJet 2300 Series PCL6;1
 suguino;01-02-08 15.43.21;Formulário de Substituição;HP LaserJet 2300 Series PCL6;1
 ademir;31-01-08 16.58.15;foto.pdf;hp deskjet 5550 series;1
 martin;25-01-08 16.51.31;Microsoft Word - SA_Martin Fingerle_englisch_24_01_08.doc;HP LaserJet 2300 Series PCL6;1
 martin;25-01-08 16.51.18;Microsoft Word - SA_Martin Fingerle_englisch_24_01_08.doc;HP LaserJet 2300 Series PCL6;1
 luizfelipek;25-01-08 15.13.14;UFSC/NPD - Atestado de Matrícula;HP LaserJet 2300 Series PCL6;1
 martin;24-01-08 16.21.01;Microsoft Word - Your Travel Document.doc;HP LaserJet 2300 Series PCL6;3
 pinguim;24-01-08 15.28.24;Microsoft Word - Reembolso de Despesas_11_12_2007.doc;HP LaserJet 2300 Series PCL6;1
 martin;24-01-08 13.44.12;Microsoft Word - ITable of contents.doc;HP LaserJet 2300 Series PCL6;2
 martin;24-01-08 13.44.01;Microsoft Word - Assay and results.doc;HP LaserJet 2300 Series PCL6;1
 martin;24-01-08 13.43.43;Microsoft Word - ZEMA grinding machine.doc;HP LaserJet 2300 Series PCL6;2
 martin;24-01-08 13.42.57;Microsoft Word - SA_Martin Fingerle_englisch_24_01_08.doc;HP LaserJet 2300 Series PCL6;1
 pinguim;23-01-08 10.17.00;Microsoft Word - Estou mandando o apêndice anexado.doc;HP LaserJet 2300 Series PCL6;1
 guigo;22-01-08 16.43.04;BADESC - Agência de Fomento do Estado de Santa Catarina;HP LaserJet 2300 Series PCL6;5
 guigo;22-01-08 16.39.35;Unicred - Florianópolis;HP LaserJet 2300 Series PCL6;1
 guigo;22-01-08 16.38.49;BRDE - Banco Regional de Desenvolvimento do Extremo Sul;HP LaserJet 2300 Series PCL6;2
 guigo;22-01-08 16.38.41;BNDES: Taxa de juros de longo prazo - TJLP;HP LaserJet 2300 Series PCL6;1
 guigo;22-01-08 16.38.27;SAUDEBR.pdf;HP LaserJet 2300 Series PCL6;48
 pinguim;22-01-08 11.52.11;Microsoft Word - detecção gap-less com sensis.doc;HP LaserJet 2300 Series PCL6;1
 guigo;22-01-08 10.35.56;[bb.com.br];HP LaserJet 2300 Series PCL6;1
 guigo;22-01-08 10.22.13;BRDE - Banco Regional de Desenvolvimento do Extremo Sul;HP LaserJet 2300 Series PCL6;2
 guigo;22-01-08 10.21.56;BRDE - Banco Regional de Desenvolvimento do Extremo Sul;HP LaserJet 2300 Series PCL6;2
 guigo;22-01-08 10.21.33;BRDE - Banco Regional de Desenvolvimento do Extremo Sul;HP LaserJet 2300 Series PCL6;2
 guigo;22-01-08 10.21.10;BRDE - Banco Regional de Desenvolvimento do Extremo Sul;HP LaserJet 2300 Series PCL6;2
 pabloja;22-01-08 09.48.25;Microsoft Word - ZiZu.doc;HP LaserJet 2300 Series PCL6;1
 pabloja;22-01-08 09.46.32;Microsoft Word - ZiZu.doc;HP LaserJet 2300 Series PCL6;1
 pinguim;15-01-08 12.03.48;Microsoft Word - Medição das marcas_dittel.doc;hp deskjet 5550 series;2
 guigo;10-01-08 12.30.42;Yak 1-3-7-9 Part 3.pdf;HP LaserJet 2300 Series PCL6;1
 guigo;10-01-08 12.25.34;Yak 1-3-7-9 Part 3.pdf;HP LaserJet 2300 Series PCL6;10
 guigo;10-01-08 12.20.06;Yak 1-3-7-9 (Part 2).pdf;HP LaserJet 2300 Series PCL6;1
 guigo;10-01-08 12.16.10;Yak 1-3-7-9 (Part 1).pdf;HP LaserJet 2300 Series PCL6;25
 guigo;10-01-08 12.06.56;HP Album Printing Software;HP LaserJet 2300 Series PCL6;2
 guigo;10-01-08 12.03.59;Jak1.pdf;HP LaserJet 2300 Series PCL6;1
 guigo;10-01-08 12.03.31;Jak1.pdf;HP LaserJet 2300 Series PCL6;1
 guigo;10-01-08 12.02.57;Jak1.pdf;HP LaserJet 2300 Series PCL6;1
 guigo;10-01-08 11.57.28;Print ANE-CNC.JPG (1 page);HP LaserJet 2300 Series PCL6;1
 guigo;10-01-08 11.56.15;Google Mail - ANE-CNC2.JPG;HP LaserJet 2300 Series PCL6;1
 guigo;10-01-08 11.55.56;Google Mail - ANE-CNC.JPG;HP LaserJet 2300 Series PCL6;1
 wagner;07-01-08 07.00.17;UFSC/NPD - Atestado de Matrícula;hp deskjet 5550 series;1
 suguino;01-01-08 21.59.22;http://www.brasilia.diplo.de/Ve.PDF;HP LaserJet 2300 Series PCL6;4
 suguino;01-01-08 16.01.50;down__Visa__Beispielfotos;prope.PDF;HP LaserJet 2300 Series PCL6;1;
 suguino;01-01-08 15.59.23;http://www.brasilia.diplo.de/Ve.PDF;HP LaserJet 2300 Series PCL6;2;;
 suguino;01-01-08 15.56.52;http://www.brasilia.diplo.de/Ve.PDF;HP LaserJet 2300 Series PCL6;1;;
 suguino;01-01-08 15.55.31;http://www.brasilia.diplo.de/Ve.PDF;HP LaserJet 2300 Series PCL6;4;;
 pabloja;26-12-07 17.10.24;Map24-consulado-rodo.pdf;hp deskjet 5550 series;2;;
 pabloja;26-12-07 17.00.24;Map24-consulado-rodo.pdf;HP LaserJet 2300 Series PCL6;2;;
 pabloja;26-12-07 15.29.58;Info Krankenversicherung Englis.PDF;hp deskjet 5550 series;2;;
 pabloja;26-12-07 15.09.58;Info Krankenversicherung Englis.PDF;HP LaserJet 2300 Series PCL6;2;;
 pabloja;26-12-07 15.08.22;Z.-translation WS 07-08;SS 08;.PDF;HP LaserJet 2300 Series PCL6;1
 pabloja;26-12-07 12.42.37;Einladung_nach_Brasilien_Pablo_.PDF;hp deskjet 5550 series;1;;
 pabloja;26-12-07 12.19.40;down__SV_20Erkl_C3_A4rung_20_C2.PDF;HP LaserJet 2300 Series PCL6;1;;
 pabloja;26-12-07 12.17.00;Einladung_nach_Brasilien_Pablo_.PDF;PDFCreator;1;;
 pabloja;26-12-07 12.16.19;Einladung_nach_Brasilien_Pablo_.PDF;Bluebeam PDF Printer;1;;
 pabloja;26-12-07 12.15.49;down__Pedido_20de_20visto;prope.PDF;HP LaserJet 2300 Series PCL6;4;
 pabloja;26-12-07 12.12.26;Zulassung Abreu.pdf;HP LaserJet 2300 Series PCL6;1;;
 martin;21-12-07 13.42.38;Ponto Tur - Voucher LocarAlpha;HP LaserJet 2300 Series PCL6;1;;
 martin;21-12-07 13.41.40;Microsoft Word - 2.doc;HP LaserJet 2300 Series PCL6;2;
 martin;21-12-07 13.41.14;Microsoft Word - 1.doc;HP LaserJet 2300 Series PCL6;2;
 pabloja;20-12-07 19.19.16;down__Pedido_20de_20visto;prope.PDF;HP LaserJet 2300 Series PCL6;1
 pabloja;20-12-07 17.58.48;down__SV_20Erkl_C3_A4rung_20_C2.PDF;HP LaserJet 2300 Series PCL6;1;
 pabloja;20-12-07 17.57.00;down__Pedido_20de_20visto;prope.PDF;HP LaserJet 2300 Series PCL6;4
 pabloja;20-12-07 17.52.02;Microsoft Word - seguro de saude _ingles_.doc;HP LaserJet 2300 Series PCL6;1;
 pabloja;20-12-07 17.51.22;Microsoft Word - seguro de saude _alemao_.doc;HP LaserJet 2300 Series PCL6;1;
 martin;19-12-07 16.13.38;Google Mail - Alerta Gol – Itinerário de Viagem;HP LaserJet 2300 Series PCL6;4;
 martin;19-12-07 11.14.59;Google Mail - Alerta Gol – Itinerário de Viagem;HP LaserJet 2300 Series PCL6;2;
 pinguim;19-12-07 11.13.09;Microsoft Word - Documento1;HP LaserJet 2300 Series PCL6;1;
 suguino;19-12-07 10.32.24;in_exchange_guide.pdf;HP LaserJet 2300 Series PCL6;74;
 guigo;18-12-07 11.15.47;img.php4 (Imagem JPEG;729x800 pixels);HP LaserJet 2300 Series PCL6;1
 guigo;18-12-07 11.11.41;Microsoft Word - CONTRATO PARTICULAR DE COMPROMISSO DE COMPRA E VENDA marcilio x mara e outros.doc;HP LaserJet 2300 Series PCL6;4;
 guigo;18-12-07 11.11.38;Microsoft Word - 01 proposta MARCILIO.doc;HP LaserJet 2300 Series PCL6;2;
 edgar;17-12-07 15.35.45;Confirmação do Passageiro;HP LaserJet 2300 Series PCL6;5;
 guigo;17-12-07 08.37.43;Microsoft Word - Considerações sobre o trabalho de doutorado.doc;HP LaserJet 2300 Series PCL6;3;
 guigo;17-12-07 08.32.34;Microsoft Word - Considerações sobre o trabalho de doutorado.doc;HP LaserJet 2300 Series PCL6;3
 wagner;14-12-07 17.21.01;Microsoft Word - capa projeto.doc;HP LaserJet 2300 Series PCL6;1
 pabloja;14-12-07 16.32.47;Microsoft Word - 39-Pedido de T.PDF;HP LaserJet 2300 Series PCL6;1
 guigo;14-12-07 15.22.10;http://pmf.fepese.ufsc.br/pages.PDF;HP LaserJet 2300 Series PCL6;1
 guigo;14-12-07 15.21.17;http://pmf.fepese.ufsc.br/pages.PDF;HP LaserJet 2300 Series PCL6;2
 wagner;14-12-07 13.31.39;estruturaSoldadaA - Folha3;HP LaserJet 2300 Series PCL6;2
 wagner;14-12-07 13.21.46;estruturaSoldadaB - Folha1;HP LaserJet 2300 Series PCL6;2
 wagner;14-12-07 13.21.20;estruturaSoldadaC - Folha1;HP LaserJet 2300 Series PCL6;2
 wagner;14-12-07 13.18.59;estruturaSoldada - Folha1;HP LaserJet 2300 Series PCL6;1
 wagner;14-12-07 13.18.11;Microsoft Word - RELATÓRIO DO PROJETO DE ROLETEAMENTO.doc;HP LaserJet 2300 Series PCL6;1
 wagner;14-12-07 13.17.12;estruturaSoldada - Folha1;HP LaserJet 2300 Series PCL6;1
 wagner;14-12-07 13.15.11;estruturaSoldadaB - Folha1;HP LaserJet 2300 Series PCL6;2
 wagner;14-12-07 13.02.35;estruturaSoldada - Folha1;HP LaserJet 2300 Series PCL6;2
 martin;14-12-07 10.41.31;Versuchsplan 14.12.07.xls;HP LaserJet 2300 Series PCL6;2
 pabloja;13-12-07 15.28.58;Einladung_nach_Brasilien_Pablo_unterschrieben.pdf;hp deskjet 5550 series;1
 edgar;13-12-07 15.22.21;Microsoft Word - teste_de_impressora.doc;hp deskjet 5550 series;1
 edgar;13-12-07 15.02.58;Microsoft Word - teste_de_impressora.doc;hp deskjet 5550 series;1;
 wagner;12-12-07 18.10.13;estruturaSoldadaA - Folha3;HP LaserJet 2300 Series PCL6;2;
 wagner;12-12-07 18.04.34;estruturaSoldadaA - Folha3;HP LaserJet 2300 Series PCL6;1;
 wagner;12-12-07 16.20.09;estruturaSoldadaA - Folha1;HP LaserJet 2300 Series PCL6;1;
 wagner;12-12-07 15.18.43;Microsoft Word - cartaXuqui.doc;hp deskjet 5550 series;2;
 martin;12-12-07 14.33.00;Microsoft Word - Documento1;HP LaserJet 2300 Series PCL6;2;
 martin;12-12-07 14.29.48;Ponto Tur - Voucher LocarAlpha;HP LaserJet 2300 Series PCL6;1;
 guigo;11-12-07 15.14.04;Print UNT3345.JPG (1 page);HP LaserJet 2300 Series PCL6;1;
 guigo;11-12-07 15.13.09;Print UNT3345.JPG (1 page);HP LaserJet 2300 Series PCL6;1;
 guigo;11-12-07 15.11.52;Do17  1 Pkr .tif;HP LaserJet 2300 Series PCL6;1;
 guigo;11-12-07 15.11.30;Do17  2 Pkr .tif;HP LaserJet 2300 Series PCL6;1;
 guigo;11-12-07 15.09.56;Do17Z  2 Pkr .tif;HP LaserJet 2300 Series PCL6;1;
 guigo;11-12-07 15.07.34;UNT3345.JPG (Imagem JPEG;814x556 pixels);HP LaserJet 2300 Series PCL6;1
 guigo;11-12-07 15.06.42;Kagero Dornier Do 17 cz 1.pdf;HP LaserJet 2300 Series PCL6;1;
 guigo;11-12-07 15.04.15;Print UNT3345.JPG (1 page);HP LaserJet 2300 Series PCL6;1;
 guigo;11-12-07 15.04.08;Do17Z  2 Pkr .tif;HP LaserJet 2300 Series PCL6;1;
 guigo;11-12-07 15.03.56;Kagero Dornier Do 17 cz 1.pdf;HP LaserJet 2300 Series PCL6;9;
 martin;10-12-07 18.09.20;Microsoft Word - versuch10;6.doc;HP LaserJet 2300 Series PCL6;1
 martin;10-12-07 18.06.55;Microsoft Word - versuch10;6.doc;HP LaserJet 2300 Series PCL6;1
 martin;10-12-07 18.06.02;Microsoft Word - Versuchsnr23.doc;HP LaserJet 2300 Series PCL6;1;
 martin;10-12-07 18.05.40;Microsoft Word - Versuchsnr32.doc;HP LaserJet 2300 Series PCL6;1;
 martin;10-12-07 18.05.28;Microsoft Word - Versuchsnr37.doc;HP LaserJet 2300 Series PCL6;1;
 martin;10-12-07 18.05.12;Microsoft Word - Zu untersuchende Wellenmerkmale.doc;HP LaserJet 2300 Series PCL6;1;
 martin;10-12-07 17.38.33;Microsoft Word - Doc1.doc;HP LaserJet 2300 Series PCL6;1;
 martin;10-12-07 17.35.46;Microsoft Word - Doc1.doc;HP LaserJet 2300 Series PCL6;1;
 victors;10-12-07 12.11.43;Microsoft Word - trabalho de direito.doc;HP LaserJet 2300 Series PCL6;8;
 victors;10-12-07 12.08.05;Microsoft Word - trabalho de direito.doc;HP LaserJet 2300 Series PCL6;1;
 victors;10-12-07 11.53.15;Microsoft Word - trabalho de direito.doc;HP LaserJet 2300 Series PCL6;13;
 guigo;10-12-07 11.18.48;italians-109.pdf;HP LaserJet 2300 Series PCL6;1;
 guigo;10-12-07 11.17.18;Microsoft Word - Ane-tabela-produtividade mensal-07-doc.doc;HP LaserJet 2300 Series PCL6;1;
 jakson;10-12-07 10.00.17;Microsoft Word - Documento1;HP LaserJet 2300 Series PCL6;1;
 sunada;07-12-07 16.09.43;Microsoft Word - ficha de usinagem.doc;HP LaserJet 2300 Series PCL6;1;
 guigo;07-12-07 09.35.46;http://www.scielo.br/pdf/icse/v.PDF;HP LaserJet 2300 Series PCL6;16
 guigo;07-12-07 09.32.09;Cadernos de Saúde Pública - RSI: object and pretext for const...;HP LaserJet 2300 Series PCL6;8
 guigo;07-12-07 09.31.46;Hanseníase;HP LaserJet 2300 Series PCL6;4
 guigo;07-12-07 09.30.38;Google Mail - COPRVAT.JPG;HP LaserJet 2300 Series PCL6;1
 guigo;07-12-07 09.29.49;Google Mail - BOLETO.JPG;HP LaserJet 2300 Series PCL6;1
 guigo;07-12-07 09.29.13;EMCnotas072.pdf;HP LaserJet 2300 Series PCL6;1
 danieldag;06-12-07 16.26.14;Microsoft Word - Reembolso_despesa_dag_31_10_2007.doc;HP LaserJet 2300 Series PCL6;2
 pinguim;06-12-07 16.19.59;Microsoft Word - Reembolso despesa wlw 31 10 2007.doc;HP LaserJet 2300 Series PCL6;1
 suguino;06-12-07 15.00.11;Prova Joni.pdf;HP LaserJet 2300 Series PCL6;7
 jakson;06-12-07 14.34.52;Sintese 4PFSa;HP LaserJet 2300 Series PCL6;1
 jakson;06-12-07 14.19.47;Sintese 4PFS;HP LaserJet 2300 Series PCL6;1
 jakson;06-12-07 14.15.35;Sintese 4PFS;HP LaserJet 2300 Series PCL6;1
 jakson;06-12-07 13.52.55;Sintese 4PFS;HP LaserJet 2300 Series PCL6;1
 jakson;06-12-07 13.32.56;Sintese 4PFS;HP LaserJet 2300 Series PCL6;1
 guigo;06-12-07 13.18.25;emc5743-2007-2-p.pdf;HP LaserJet 2300 Series PCL6;9
 victors;06-12-07 13.04.57;Microsoft Word - RELATORIO 2.doc;HP LaserJet 2300 Series PCL6;1
 jakson;06-12-07 12.41.11;Sintese 4PFSa;HP LaserJet 2300 Series PCL6;1
 jakson;06-12-07 12.33.24;Microsoft Word - PROJETO.doc;HP LaserJet 2300 Series PCL6;1
 jakson;06-12-07 12.31.34;Microsoft Word - PROJETO.doc;HP LaserJet 2300 Series PCL6;1
 jakson;06-12-07 12.13.58;Sintese 4PFS;HP LaserJet 2300 Series PCL6;1
 jakson;06-12-07 11.38.25;Microsoft Word - Documento1;HP LaserJet 2300 Series PCL6;1
 jakson;06-12-07 11.37.14;Microsoft Word - Documento1;HP LaserJet 2300 Series PCL6;1
 jakson;06-12-07 11.33.22;Microsoft Word - Documento1;HP LaserJet 2300 Series PCL6;1
 danieldag;06-12-07 11.08.41;ferramenta bits1 ver2004 - Shee;HP LaserJet 2300 Series PCL6;1
 jakson;06-12-07 11.05.55;Sintese 4PFS;HP LaserJet 2300 Series PCL6;1
 danieldag;06-12-07 11.04.06;ferramenta bits1 ver2004 - Shee;HP LaserJet 2300 Series PCL6;1
 jakson;06-12-07 10.42.45;Sintese 4PFSa;HP LaserJet 2300 Series PCL6;1
 jakson;06-12-07 10.40.53;Sintese 4PFSa;HP LaserJet 2300 Series PCL6;1
 jakson;06-12-07 10.12.12;Sintese 4PFSa;HP LaserJet 2300 Series PCL6;1
 jakson;06-12-07 10.02.14;Sintese 4PFS;HP LaserJet 2300 Series PCL6;1
 wagner;06-12-07 10.01.10;Microsoft Word - Relatorio Final - Projeto Manufatura Computador.doc;hp deskjet 5550 series;4
 wagner;06-12-07 09.59.34;Microsoft Word - Relatorio Final - Projeto Manufatura Computador.doc;HP LaserJet 2300 Series PCL6;29
 wagner;06-12-07 09.59.15;Microsoft Word - Relatorio Final - Projeto Manufatura Computador.doc;hp deskjet 5550 series;14
 wagner;06-12-07 09.52.50;Microsoft Word - Relatorio Final - Projeto Manufatura Computador.doc;hp deskjet 5550 series;44
 annepriscila;06-12-07 02.48.16;Microsoft Word - Trabalho de mecanismos - Daniells e Jakson.doc;HP LaserJet 2300 Series PCL6;1
 annepriscila;06-12-07 02.33.06;Microsoft Word - trabcapa.doc;HP LaserJet 2300 Series PCL6;1
 annepriscila;06-12-07 02.04.44;Microsoft Word - Documento2;HP LaserJet 2300 Series PCL6;1
 annepriscila;06-12-07 00.50.05;Microsoft Word - Documento2;HP LaserJet 2300 Series PCL6;1
 annepriscila;06-12-07 00.48.31;Microsoft Word - Documento2;HP LaserJet 2300 Series PCL6;1
 annepriscila;06-12-07 00.24.51;4 posições zoom luidgi.bmp;HP LaserJet 2300 Series PCL6;1
 annepriscila;06-12-07 00.09.04;3 posiçoes marcelo.bmp;HP LaserJet 2300 Series PCL6;1
 annepriscila;05-12-07 23.56.43;4 posições luidgi.bmp;HP LaserJet 2300 Series PCL6;1
 annepriscila;05-12-07 22.49.46;Microsoft PowerPoint - 1;HP LaserJet 2300 Series PCL6;1
 annepriscila;05-12-07 22.41.47;Microsoft Word - polos_imagem_ampliado.doc;HP LaserJet 2300 Series PCL6;1
 annepriscila;05-12-07 22.38.00;Microsoft PowerPoint - 3;HP LaserJet 2300 Series PCL6;1
 annepriscila;05-12-07 22.37.17;Microsoft PowerPoint - 2;HP LaserJet 2300 Series PCL6;1
 jakson;05-12-07 22.28.28;Sintese 4PFS;HP LaserJet 2300 Series PCL6;1
 annepriscila;05-12-07 22.27.17;Microsoft PowerPoint - 2;HP LaserJet 2300 Series PCL6;1
 annepriscila;05-12-07 22.26.23;Microsoft PowerPoint - 2;HP LaserJet 2300 Series PCL6;1
 annepriscila;05-12-07 22.10.12;3 posiçoes marcelo.bmp;HP LaserJet 2300 Series PCL6;1
 annepriscila;05-12-07 22.08.37;Microsoft PowerPoint - 1;HP LaserJet 2300 Series PCL6;1
 annepriscila;05-12-07 21.13.33;3 posiçoes marcelo.bmp;HP LaserJet 2300 Series PCL6;4
 annepriscila;05-12-07 20.59.59;3 posiçoes marcelo.bmp;HP LaserJet 2300 Series PCL6;1
 annepriscila;05-12-07 20.57.10;Microsoft PowerPoint - 1;HP LaserJet 2300 Series PCL6;1
 annepriscila;05-12-07 20.54.02;4 posições luidgi.bmp;HP LaserJet 2300 Series PCL6;1
 annepriscila;05-12-07 20.51.50;Microsoft PowerPoint - 1;HP LaserJet 2300 Series PCL6;1
 annepriscila;05-12-07 20.45.00;untitled;HP LaserJet 2300 Series PCL6;1
 annepriscila;05-12-07 20.35.12;Duas posições anne.bmp;HP LaserJet 2300 Series PCL6;1
 annepriscila;05-12-07 20.32.27;Duas posições.bmp;HP LaserJet 2300 Series PCL6;1
 annepriscila;05-12-07 20.31.56;Duas posições.bmp;HP LaserJet 2300 Series PCL6;1
 annepriscila;05-12-07 20.24.12;Duas posições.bmp;HP LaserJet 2300 Series PCL6;1
 jakson;05-12-07 20.17.03;Sintese 4PFS;HP LaserJet 2300 Series PCL6;1
 jakson;05-12-07 19.55.42;Sintese 4PFS;HP LaserJet 2300 Series PCL6;1
 annepriscila;05-12-07 17.22.53;Microsoft Word - Doc1.doc;HP LaserJet 2300 Series PCL6;1
 annepriscila;05-12-07 17.22.13;Microsoft Word - Doc1.doc;HP LaserJet 2300 Series PCL6;1
 annepriscila;05-12-07 17.20.19;Microsoft Word - Doc1.doc;HP LaserJet 2300 Series PCL6;1
 annepriscila;05-12-07 17.19.48;Microsoft Word - Doc1.doc;HP LaserJet 2300 Series PCL6;1
 annepriscila;05-12-07 17.17.48;Microsoft Word - Documento1;HP LaserJet 2300 Series PCL6;1
 annepriscila;05-12-07 17.16.01;Microsoft Word - Documento1;HP LaserJet 2300 Series PCL6;1
 annepriscila;05-12-07 17.15.47;Microsoft Word - Documento1;HP LaserJet 2300 Series PCL6;1
 annepriscila;05-12-07 17.12.29;Microsoft Word - Documento1;HP LaserJet 2300 Series PCL6;1
 annepriscila;05-12-07 17.07.12;Print questao5.jpg (1 page);HP LaserJet 2300 Series PCL6;1
 annepriscila;05-12-07 17.05.46;Print questao5.jpg (1 page);HP LaserJet 2300 Series PCL6;1
 annepriscila;05-12-07 17.05.29;Print questao5.jpg (1 page);HP LaserJet 2300 Series PCL6;1
 edgar;05-12-07 17.03.11;Microsoft Word - Documento1;HP LaserJet 2300 Series PCL6;1
 annepriscila;05-12-07 16.06.19;Microsoft Word - questao4.doc;HP LaserJet 2300 Series PCL6;1
 pabloja;05-12-07 15.48.44;Microsoft Word - registration-form-incomings_Pablo_3.pdf;HP LaserJet 2300 Series PCL6;1
 pabloja;05-12-07 15.31.53;Microsoft Word - registration-f.PDF;HP LaserJet 2300 Series PCL6;2
 annepriscila;05-12-07 15.23.31;Microsoft Word - Documento1;HP LaserJet 2300 Series PCL6;1
 pabloja;05-12-07 15.21.30;Microsoft Word - registration-form-incomings_Pablo_.doc;HP LaserJet 2300 Series PCL6;3
 annepriscila;05-12-07 15.05.06;Microsoft Word - Questão 1.doc;HP LaserJet 2300 Series PCL6;1
 annepriscila;05-12-07 15.03.02;Microsoft Word - Documento1;HP LaserJet 2300 Series PCL6;1
 annepriscila;05-12-07 14.38.48;Microsoft Word - Questão 1.doc;HP LaserJet 2300 Series PCL6;1
 annepriscila;05-12-07 14.38.32;Microsoft Word - Questão 1.doc;HP LaserJet 2300 Series PCL6;1
 annepriscila;05-12-07 14.23.05;Microsoft Word - Questão 1.doc;HP LaserJet 2300 Series PCL6;1
 annepriscila;05-12-07 14.20.07;Microsoft Word - Questão 1.doc;HP LaserJet 2300 Series PCL6;1
 annepriscila;05-12-07 14.09.41;Microsoft Word - Documento1;HP LaserJet 2300 Series PCL6;1
 annepriscila;05-12-07 13.48.58;Print COPRVAT.JPG.jpe (1 page);HP LaserJet 2300 Series PCL6;1
 annepriscila;05-12-07 13.48.43;Print BOLETO.JPG.jpe (1 page);HP LaserJet 2300 Series PCL6;1
 annepriscila;05-12-07 13.47.56;ABBR - Associação Brasileira Beneficente de Reabilitação;HP LaserJet 2300 Series PCL6;5
 annepriscila;05-12-07 13.47.03;emc5743-2007-2-p.pdf;HP LaserJet 2300 Series PCL6;2
 annepriscila;05-12-07 13.35.07;Microsoft Word - Documento1;HP LaserJet 2300 Series PCL6;1
 annepriscila;05-12-07 13.34.14;Microsoft Word - questao4.doc;HP LaserJet 2300 Series PCL6;1
 annepriscila;04-12-07 22.24.20;Microsoft Word - Documento1;HP LaserJet 2300 Series PCL6;1
 annepriscila;04-12-07 21.39.48;Microsoft Word - Projeto - Polos 4 Posicoes.doc;HP LaserJet 2300 Series PCL6;1
 annepriscila;04-12-07 21.21.25;Microsoft Word - Projeto - Polos 4 Posicoes.doc;HP LaserJet 2300 Series PCL6;1
 annepriscila;04-12-07 20.20.29;Microsoft Word - questao4.doc;HP LaserJet 2300 Series PCL6;1
 annepriscila;04-12-07 20.19.48;Microsoft Word - questao4.doc;HP LaserJet 2300 Series PCL6;1
 annepriscila;04-12-07 20.06.11;Microsoft Word - Documento3;HP LaserJet 2300 Series PCL6;1
 annepriscila;04-12-07 19.50.30;Microsoft Word - questao4.doc;HP LaserJet 2300 Series PCL6;1
 annepriscila;04-12-07 19.50.03;Microsoft Word - questao4.doc;HP LaserJet 2300 Series PCL6;1
 annepriscila;04-12-07 19.47.10;Microsoft Word - Documento2;HP LaserJet 2300 Series PCL6;1
 annepriscila;04-12-07 19.38.43;Microsoft Word - questao4.doc;HP LaserJet 2300 Series PCL6;1
 annepriscila;04-12-07 19.37.47;Microsoft Word - questao4.doc;HP LaserJet 2300 Series PCL6;1
 annepriscila;04-12-07 19.24.01;Microsoft Word - questao3.doc;HP LaserJet 2300 Series PCL6;1
 annepriscila;04-12-07 18.55.55;Microsoft Word - questao3.doc;HP LaserJet 2300 Series PCL6;1
 jakson;04-12-07 18.53.20;Sintese 2PFS;HP LaserJet 2300 Series PCL6;1
 annepriscila;04-12-07 18.33.01;Microsoft Word - questao3.doc;HP LaserJet 2300 Series PCL6;1
 jakson;04-12-07 18.28.20;Sintese 2PFS;HP LaserJet 2300 Series PCL6;1
 jakson;04-12-07 18.24.24;Sintese 2PFS;HP LaserJet 2300 Series PCL6;1
 pabloja;04-12-07 18.01.13;Microsoft Word - Trabalho Variador Velocidades.doc;HP LaserJet 2300 Series PCL6;1
 pabloja;04-12-07 17.58.04;Microsoft Word - Trabalho Variador Velocidades.doc;HP LaserJet 2300 Series PCL6;8
 pabloja;04-12-07 17.57.04;Microsoft Word - Trabalho Variador Velocidades.doc;HP LaserJet 2300 Series PCL6;8
 annepriscila;04-12-07 17.29.01;Microsoft Word - questao3.doc;HP LaserJet 2300 Series PCL6;1
 annepriscila;04-12-07 17.28.15;Microsoft Word - questao3.doc;HP LaserJet 2300 Series PCL6;1
 jakson;04-12-07 16.57.17;Sintese 4PFS;HP LaserJet 2300 Series PCL6;1
 pabloja;04-12-07 16.42.39;Montagem Caixa.pdf;HP LaserJet 2300 Series PCL6;1
 pabloja;04-12-07 16.40.51;Engrenagem 6.pdf;HP LaserJet 2300 Series PCL6;1
 pabloja;04-12-07 16.40.34;Engrenagem 5.pdf;HP LaserJet 2300 Series PCL6;1
 pabloja;04-12-07 16.40.17;Engrenagem 4.pdf;HP LaserJet 2300 Series PCL6;1
 pabloja;04-12-07 16.39.59;Engrenagem 3.pdf;HP LaserJet 2300 Series PCL6;1
 pabloja;04-12-07 16.38.56;Engrenagem 2.pdf;HP LaserJet 2300 Series PCL6;1
 pabloja;04-12-07 16.38.27;Engrenagem 1.pdf;HP LaserJet 2300 Series PCL6;1
 jakson;04-12-07 16.08.05;Sintese 3PFS;HP LaserJet 2300 Series PCL6;1
 jakson;04-12-07 15.39.12;Sintese 4PFS;HP LaserJet 2300 Series PCL6;1
 jakson;04-12-07 15.34.55;Sintese 3PFS;HP LaserJet 2300 Series PCL6;1
 annepriscila;04-12-07 15.07.29;Microsoft Word - Doc1.doc;HP LaserJet 2300 Series PCL6;1
 annepriscila;04-12-07 15.06.21;Microsoft Word - Documento1;HP LaserJet 2300 Series PCL6;1
 jakson;04-12-07 15.02.30;Sintese 3PFS;HP LaserJet 2300 Series PCL6;1
 jakson;04-12-07 15.02.10;Sintese 2PFS;HP LaserJet 2300 Series PCL6;1
 annepriscila;04-12-07 15.01.28;Print questao3.jpg (1 page);HP LaserJet 2300 Series PCL6;1
 bottos;04-12-07 14.02.21;Microsoft Word - Documento1;HP LaserJet 2300 Series PCL6;4
 jakson;04-12-07 13.34.45;Estudo de caso do fracasso de montadoras de carros de luxo no Brasil.pdf;HP LaserJet 2300 Series PCL6;1
