moecke;01-08-06 11.48.39;Remote Downlevel Document;0;HP LaserJet 2300 Series PCL6
allan;01-08-06 09.38.37;Microsoft Word - Análise_Resultados_2.doc;12;HP LaserJet 2300 Series PCL6
moecke;01-08-06 09.32.51;Remote Downlevel Document;0;HP LaserJet 2300 Series PCL6
moecke;01-08-06 09.31.33;Remote Downlevel Document;0;HP LaserJet 2300 Series PCL6
allan;01-08-06 08.59.08;Microsoft Word - Análise_Resultados_2.doc;10;HP LaserJet 2300 Series PCL6
bruno;01-08-06 08.43.55;Microsoft Word - Qualidade 2.doc;2;HP LaserJet 2300 Series PCL6
mendonca;31-07-06 22.41.16;Microsoft Word - TRABALHO MOTORES - Rodrigo-Rafael.doc;1;HP LaserJet 2300 Series PCL6
mendonca;31-07-06 21.20.16;Microsoft Word - TRABALHO MOTORES - Rodrigo-Rafael.doc;1;HP LaserJet 2300 Series PCL6
mendonca;31-07-06 18.56.04;OP1102.pdf;4;HP LaserJet 2300 Series PCL6
mendonca;31-07-06 18.54.16;OP1102.pdf;1;HP LaserJet 2300 Series PCL6
victor;31-07-06 15.15.13;Microsoft Word - teste.doc;1;HP LaserJet 2300 Series PCL6
victor;31-07-06 13.08.58;Microsoft Word - Documento2;1;HP LaserJet 2300 Series PCL6
tognetta;31-07-06 11.16.40;Microsoft Word - Documento1;1;HP LaserJet 2300 Series PCL6
victor;31-07-06 11.14.32;Microsoft Word - Documento1;1;HP LaserJet 2300 Series PCL6
rolf;31-07-06 10.33.30;Microsoft Word - Lista assinaturas Fabexp 2006.1.doc;1;HP LaserJet 2300 Series PCL6
pabloja;28-07-06 15.41.12;Microsoft Word - FARMÁCIA DE MANIPULAÇÃO TEL.doc;1;HP LaserJet 2300 Series PCL6
oliveira;28-07-06 14.00.51;Microsoft Word - Documento1;1;HP LaserJet 2300 Series PCL6
rolf;28-07-06 10.08.25;Microsoft Word - Curriculum_Prof. Konrad Wegener.doc;8;HP LaserJet 2300 Series PCL6
castillo;28-07-06 09.08.12;Microsoft Word - atividade 5-280706.doc;2;HP LaserJet 2300 Series PCL6
oliveira;28-07-06 09.01.03;http://www.dep.ufsc.br/pibic/termo/cadastro.php;2;HP LaserJet 2300 Series PCL6
oliveira;28-07-06 09.00.55;Microsoft Word - PIBIC Leonardo Oliveira_2006.doc;10;HP LaserJet 2300 Series PCL6
anacristina;27-07-06 16.30.01;https://www.feesc.org.br/sifeesc/Compras.exe/ValidaComprasNacio;1;HP LaserJet 2300 Series PCL6
mendonca;27-07-06 16.16.51;Impressão de foto de página inteira;1;HP LaserJet 2300 Series PCL6
allan;27-07-06 15.46.07;Kraftsteuerung.cdr;1;HP LaserJet 2300 Series PCL6
allan;27-07-06 15.35.51;Microsoft Word - Análise_Resultados_2.doc;7;HP LaserJet 2300 Series PCL6
allan;27-07-06 15.01.28;Microsoft Word - Análise_Resultados_2.doc;7;HP LaserJet 2300 Series PCL6
paravizi;27-07-06 12.54.29;Microsoft Word - Trab_Recursos.doc;10;HP LaserJet 2300 Series PCL6
paravizi;27-07-06 12.51.01;Microsoft Word - Trab_Recursos.doc;10;HP LaserJet 2300 Series PCL6
mendonca;27-07-06 12.11.10;Microsoft PowerPoint - Apresentação1;1;HP LaserJet 2300 Series PCL6
paravizi;27-07-06 11.22.20;Microsoft PowerPoint - Mudan_as_Clim_ticas;5;HP LaserJet 2300 Series PCL6
paravizi;27-07-06 11.20.47;Microsoft PowerPoint - Mudan_as_Clim_ticas;1;HP LaserJet 2300 Series PCL6
pabloja;26-07-06 17.37.13;http://www3.sluzia.com.br/csp/web1/exibir.csp;7;HP LaserJet 2300 Series PCL6
coelho;26-07-06 17.24.11;Impressão de fax em página inteira;1;HP LaserJet 2300 Series PCL6
bruno;26-07-06 16.56.40;Microsoft Word - Trabalho EPI.doc;3;HP LaserJet 2300 Series PCL6
helio;26-07-06 15.24.33;Microsoft Word - 1F31F31D;6;HP LaserJet 2300 Series PCL6
wagner;26-07-06 15.23.43;C:\Documents and Settings\wagne.PDF;1;HP LaserJet 2300 Series PCL6
wagner;26-07-06 15.22.32;Laboratório de Mecânica de Precisão - CPD;3;HP LaserJet 2300 Series PCL6
pedro;26-07-06 14.56.14;Microsoft Word - FormuláriodeadmissãoESTAGIÁRIOS[2].doc;3;HP LaserJet 2300 Series PCL6
pabloja;26-07-06 14.04.22;Versão8(explodida)-mod4-ARTIGO.;0;Acrobat Distiller
annepriscila;26-07-06 12.16.10;Microsoft Word - udesc.doc;8;HP LaserJet 2300 Series PCL6
ademir;25-07-06 18.41.30;Microsoft Word - Documento4;1;HP LaserJet 2300 Series PCL6
ademir;25-07-06 18.24.16;Microsoft Word - Documento1;1;HP LaserJet 2300 Series PCL6
eduardo;25-07-06 17.11.37;Microsoft Word - TCC Cap. 1 - Revisão Bibliográfica.doc;45;HP LaserJet 2300 Series PCL6
sunada;25-07-06 16.24.19;RQ 7.2.0 - 04 Cotação238.xls;1;HP LaserJet 2300 Series PCL6
eduardo;25-07-06 14.57.12;Microsoft Word - TCC Cap. 1 - Revisão Bibliográfica.doc;1;HP LaserJet 2300 Series PCL6
paulo;25-07-06 12.14.25;Microsoft Word - AT 05894 - 2005 Oscar Gutierrez Paredes e Angeloni.doc;1;HP LaserJet 2300 Series PCL6
paulo;25-07-06 12.13.25;Microsoft Word - AT 05894 - 2005 Oscar Gutierrez Paredes e Angeloni.doc;1;HP LaserJet 2300 Series PCL6
paulo;25-07-06 12.12.32;Microsoft Word - AT 05894 - 2005 Oscar Gutierrez Paredes e Angeloni.doc;1;HP LaserJet 2300 Series PCL6
paulo;25-07-06 12.10.19;Microsoft Word - AT 05894 - 2005 Oscar Gutierrez Paredes e Angeloni.doc;1;HP LaserJet 2300 Series PCL6
annepriscila;25-07-06 11.25.47;http://www.dep.ufsc.br/pibic/termo/cadastro.php;2;HP LaserJet 2300 Series PCL6
annepriscila;25-07-06 11.24.32;http://www.dep.ufsc.br/pibic/termo/cadastro.php;2;HP LaserJet 2300 Series PCL6
suguino;25-07-06 11.12.26;http://www.dep.ufsc.br/pibic/termo/cadastro.php;2;HP LaserJet 2300 Series PCL6
bruno;25-07-06 10.27.46;R-134a.jpe;1;HP LaserJet 2300 Series PCL6
robson;25-07-06 09.16.48;Microsoft Word - perguntasProjFab[1].doc;1;HP LaserJet 2300 Series PCL6
tognetta;24-07-06 18.14.58;Microsoft Word - Documento1;3;HP LaserJet 2300 Series PCL6
anacristina;24-07-06 17.41.50;https://www.feesc.org.br/sifeesc/Bolsas.exe/ConfirmaMemoBolsas;1;HP LaserJet 2300 Series PCL6
anacristina;24-07-06 17.39.34;https://www.feesc.org.br/sifeesc/Bolsas.exe/ConfirmaMemoBolsas;1;HP LaserJet 2300 Series PCL6
helio;24-07-06 17.17.10;http://www.sead.ufsc.br/administracao/xforum.php?laction=xeduca;1;HP LaserJet 2300 Series PCL6
anacristina;24-07-06 16.44.11;https://www.feesc.org.br/sifeesc/Bolsas.exe/ConfirmaMemoBolsas;1;HP LaserJet 2300 Series PCL6
anacristina;24-07-06 16.43.28;https://www.feesc.org.br/sifeesc/Bolsas.exe/ConfirmaMemoBolsas;1;HP LaserJet 2300 Series PCL6
anacristina;24-07-06 16.42.50;https://www.feesc.org.br/sifeesc/Bolsas.exe/ConfirmaMemoBolsas;1;HP LaserJet 2300 Series PCL6
anacristina;24-07-06 16.42.06;https://www.feesc.org.br/sifeesc/Bolsas.exe/ConfirmaMemoBolsas;1;HP LaserJet 2300 Series PCL6
anacristina;24-07-06 16.40.58;https://www.feesc.org.br/sifeesc/Bolsas.exe/ConfirmaMemoBolsas;1;HP LaserJet 2300 Series PCL6
anacristina;24-07-06 16.40.17;https://www.feesc.org.br/sifeesc/Bolsas.exe/ConfirmaMemoBolsas;1;HP LaserJet 2300 Series PCL6
anacristina;24-07-06 16.39.27;https://www.feesc.org.br/sifeesc/Bolsas.exe/ConfirmaMemoBolsas;1;HP LaserJet 2300 Series PCL6
anacristina;24-07-06 16.38.39;https://www.feesc.org.br/sifeesc/Bolsas.exe/ConfirmaMemoBolsas;1;HP LaserJet 2300 Series PCL6
wagner;24-07-06 16.25.14;Microsoft Word - Preditor de Smith.doc;9;HP LaserJet 2300 Series PCL6
allan;24-07-06 15.17.27;Microsoft Word - Análise_Resultados.doc;32;HP LaserJet 2300 Series PCL6
eduardo;24-07-06 15.14.37;Microsoft Word - CONTATOS SUÍCA.doc;1;HP LaserJet 2300 Series PCL6
allan;24-07-06 15.10.37;Microsoft Word - Análise_Resultados.doc;16;HP LaserJet 2300 Series PCL6
mendonca;24-07-06 14.39.44;Impressão de foto de página inteira;1;HP LaserJet 2300 Series PCL6
eduardo;24-07-06 14.12.16;Microsoft Word - DECLARAÇÃO DE RESIDÊNCIA.doc;3;HP LaserJet 2300 Series PCL6
eduardo;24-07-06 14.07.26;5500 1666.pdf;1;HP LaserJet 2300 Series PCL6
ademir;24-07-06 13.55.07;Introduction to Fluid Mechanics Solutions Manual (Fox; 5th ed).pdf;6;HP LaserJet 2300 Series PCL6
ademir;24-07-06 13.27.02;Introduction to Fluid Mechanics Solutions Manual (Fox; 5th ed).pdf;1;HP LaserJet 2300 Series PCL6
sunada;24-07-06 13.23.12;Microsoft Word - Documento1;1;HP LaserJet 2300 Series PCL6
sunada;24-07-06 13.23.08;Microsoft Word - Documento1;1;HP LaserJet 2300 Series PCL6
pabloja;24-07-06 12.50.13;Versão8(explodida)-mod4-ARTIGO.;1;Acrobat Distiller
anacristina;24-07-06 11.47.20;Microsoft Word - Documento1;1;HP LaserJet 2300 Series PCL6
mendonca;24-07-06 09.20.45;http://login.yahoo.com/config/login?logout=1&.intl=br&.src=ym&.;1;HP LaserJet 2300 Series PCL6
paulo;21-07-06 14.45.33;Microsoft Word - Laços eternos da amizade.doc;1;HP LaserJet 2300 Series PCL6
paulo;21-07-06 14.44.54;Microsoft Word - As raízes da amizade.doc;1;HP LaserJet 2300 Series PCL6
wagner;21-07-06 14.23.41;http://aspro01.npd.ufsc.br/cagr/camt/atestadoMatricula2.asp;1;HP LaserJet 2300 Series PCL6
bruno;21-07-06 14.17.30;Microsoft Word - letras.doc;3;HP LaserJet 2300 Series PCL6
bruno;21-07-06 13.51.49;Microsoft Word - letras.doc;3;HP LaserJet 2300 Series PCL6
picoloto;21-07-06 11.34.56;Microsoft Word - Documento2;1;HP LaserJet 2300 Series PCL6
wagner;21-07-06 10.44.25;snpform[1].pdf;1;HP LaserJet 2300 Series PCL6
sena;21-07-06 09.33.47;http://websro.correios.com.br/sro_bin/print$.ResultList?P_ITEMC;1;HP LaserJet 2300 Series PCL6
wagner;21-07-06 08.55.50;https://www2.dpf.gov.br/gru/gru;1;HP LaserJet 2300 Series PCL6
wagner;21-07-06 08.50.48;passaporte_cacau.pdf;1;HP LaserJet 2300 Series PCL6
wagner;21-07-06 08.46.51;https://www2.dpf.gov.br/gru/gru;1;HP LaserJet 2300 Series PCL6
wagner;20-07-06 17.06.11;base - Sheet1;1;HP LaserJet 2300 Series PCL6
wagner;20-07-06 17.04.16;cone - Sheet1;1;HP LaserJet 2300 Series PCL6
sunada;20-07-06 15.22.23;Microsoft Word - Documento1;1;HP LaserJet 2300 Series PCL6
domitila;20-07-06 14.48.30;Introduction to Fluid Mechanics.PDF;2;HP LaserJet 2300 Series PCL6
domitila;20-07-06 14.47.38;Introduction to Fluid Mechanics.PDF;1;HP LaserJet 2300 Series PCL6
domitila;20-07-06 14.46.52;Introduction to Fluid Mechanics.PDF;1;HP LaserJet 2300 Series PCL6
domitila;20-07-06 14.46.25;Introduction to Fluid Mechanics.PDF;1;HP LaserJet 2300 Series PCL6
domitila;20-07-06 14.46.02;Introduction to Fluid Mechanics.PDF;1;HP LaserJet 2300 Series PCL6
domitila;20-07-06 14.45.32;Introduction to Fluid Mechanics.PDF;1;HP LaserJet 2300 Series PCL6
domitila;20-07-06 14.44.51;Introduction to Fluid Mechanics.PDF;1;HP LaserJet 2300 Series PCL6
paravizi;20-07-06 14.39.13;Introduction to Fluid Mechanics.PDF;1;HP LaserJet 2300 Series PCL6
paravizi;20-07-06 14.38.21;Introduction to Fluid Mechanics.PDF;1;HP LaserJet 2300 Series PCL6
paravizi;20-07-06 14.37.40;Introduction to Fluid Mechanics.PDF;1;HP LaserJet 2300 Series PCL6
paravizi;20-07-06 14.36.52;Introduction to Fluid Mechanics.PDF;1;HP LaserJet 2300 Series PCL6
paravizi;20-07-06 14.36.00;Introduction to Fluid Mechanics.PDF;1;HP LaserJet 2300 Series PCL6
annepriscila;20-07-06 12.02.39;Microsoft Word - Documento1;1;HP LaserJet 2300 Series PCL6
sena;20-07-06 11.53.15;http://www.dittel.com/presse/DITTEL_WB_03_06.pdf;3;HP LaserJet 2300 Series PCL6
mendonca;20-07-06 10.40.00;R-134a.jpe;1;HP LaserJet 2300 Series PCL6
mendonca;20-07-06 10.39.33;R-134a.jpe;1;HP LaserJet 2300 Series PCL6
mendonca;20-07-06 10.37.37;R-134a.jpe;1;HP LaserJet 2300 Series PCL6
mendonca;20-07-06 10.30.46;Print R-134a.jpe (1 page);1;HP LaserJet 2300 Series PCL6
mendonca;20-07-06 10.30.10;Print R-134a.jpe (1 page);1;HP LaserJet 2300 Series PCL6
mendonca;20-07-06 10.29.29;R-134a.jpe;1;HP LaserJet 2300 Series PCL6
mendonca;20-07-06 10.15.39;http://www.geocities.com/ichen98/diagrams/R134a.jpeg;1;HP LaserJet 2300 Series PCL6
paulo;19-07-06 17.13.57;http://buscatextual.cnpq.br/buscatextual/visualizacv.jsp?id=K47;2;HP LaserJet 2300 Series PCL6
paulo;19-07-06 16.58.54;https://www.feesc.org.br/sifeesc/FeescWeb/FundodeBolsa/RelFinal;3;HP LaserJet 2300 Series PCL6
paulo;19-07-06 16.52.13;https://www.feesc.org.br/sifeesc/FeescWeb/FundodeBolsa/RelFinal;3;HP LaserJet 2300 Series PCL6
sunada;19-07-06 16.34.22;Impressão de fax em página inteira;1;HP LaserJet 2300 Series PCL6
eduardo;19-07-06 15.53.22;LA BOHEME.xls;1;HP LaserJet 2300 Series PCL6
eduardo;19-07-06 15.53.22;Microsoft Word - texto zeis final.doc;18;HP LaserJet 2300 Series PCL6
picoloto;19-07-06 15.16.41;Microsoft Word - Documento1;1;HP LaserJet 2300 Series PCL6
eduardo;19-07-06 15.12.26;http://baiacu.lmp.ufsc.br/webmail/src/printer_friendly_bottom.p;1;HP LaserJet 2300 Series PCL6
domitila;19-07-06 13.39.37;Introduction to Fluid Mechanics.PDF;4;HP LaserJet 2300 Series PCL6
domitila;19-07-06 13.36.52;Introduction to Fluid Mechanics.PDF;1;HP LaserJet 2300 Series PCL6
castillo;19-07-06 13.36.36;Microsoft Word - Plano de Trabalho ETH_19072006.doc;36;HP LaserJet 2300 Series PCL6
domitila;19-07-06 13.31.36;http://aspro01.npd.ufsc.br/cagr/camt/atestadoMatricula2.asp;1;HP LaserJet 2300 Series PCL6
sena;19-07-06 10.27.29;Microsoft Word - 2799-06 LABORAT. DE           MECÂNICA.DOC;2;HP LaserJet 2300 Series PCL6
oliveira;19-07-06 09.40.04;http://ntsat04.sef.sc.gov.br/DarOnLine/dar35.aspx?numDoc=604200;2;HP LaserJet 2300 Series PCL6
picoloto;19-07-06 09.19.52;http://www.dep.ufsc.br/pibic/termo/cadastro.php;2;HP LaserJet 2300 Series PCL6
sena;18-07-06 17.55.32;Microsoft Word - Stefanie_curriculo.doc;3;HP LaserJet 2300 Series PCL6
castillo;18-07-06 17.02.33;Documento;1;HP LaserJet 2300 Series PCL6
paravizi;18-07-06 16.46.15;http://aspro01.npd.ufsc.br/cagr/camt/atestadoMatricula2.asp;1;HP LaserJet 2300 Series PCL6
paravizi;18-07-06 16.10.36;Introduction to Fluid Mechanics.PDF;1;HP LaserJet 2300 Series PCL6
paravizi;18-07-06 16.10.19;Introduction to Fluid Mechanics.PDF;1;HP LaserJet 2300 Series PCL6
paravizi;18-07-06 16.09.58;Introduction to Fluid Mechanics.PDF;1;HP LaserJet 2300 Series PCL6
paravizi;18-07-06 16.09.22;Introduction to Fluid Mechanics.PDF;1;HP LaserJet 2300 Series PCL6
coelho;18-07-06 15.14.35;Microsoft Word - Programa Quina Coelho.doc;2;HP LaserJet 2300 Series PCL6
oliveira;18-07-06 14.40.57;http://www.dep.ufsc.br/pibic/termo/cadastro.php;2;HP LaserJet 2300 Series PCL6
pabloja;18-07-06 11.43.03;Figura1;1;HP LaserJet 2300 Series PCL6
eduardo;17-07-06 17.13.12;Microsoft Word - carta.doc;1;HP LaserJet 2300 Series PCL6
eduardo;17-07-06 17.01.46;Microsoft Word - carta.doc;1;HP LaserJet 2300 Series PCL6
eduardo;17-07-06 17.01.14;Microsoft Word - endereço.doc;1;HP LaserJet 2300 Series PCL6
ademir;17-07-06 16.54.02;WGP-2-a.pdf;6;HP LaserJet 2300 Series PCL6
sena;17-07-06 16.45.07;Microsoft Word - Documento2;1;HP LaserJet 2300 Series PCL6
mendonca;17-07-06 16.44.49;http://www.skf.com/portal/skf/home/products?paf_dm=shared&mainc;1;HP LaserJet 2300 Series PCL6
mendonca;17-07-06 16.42.07;http://www.skf.com/portal/skf/home/products?lang=pt&maincatalog;1;HP LaserJet 2300 Series PCL6
bruno;17-07-06 15.54.18;http://aspro01.npd.ufsc.br/cagr/camt/atestadoMatricula2.asp;1;HP LaserJet 2300 Series PCL6
helton;17-07-06 15.24.43;Microsoft Word - Carta reativação bolsa Bruno.doc;2;HP LaserJet 2300 Series PCL6
helton;17-07-06 15.20.09;Microsoft Word - Documento1;1;HP LaserJet 2300 Series PCL6
helton;17-07-06 15.12.06;Microsoft Word - Formulário Bolsa VA_Reimpl_ Bruno.doc;2;HP LaserJet 2300 Series PCL6
castillo;17-07-06 14.32.33;B1-05;1;HP LaserJet 2300 Series PCL6
bruno;17-07-06 12.09.55;Microsoft Word - Relátorio CCQ.doc;1;HP LaserJet 2300 Series PCL6
sena;17-07-06 10.25.16;Microsoft Word - Edital-PSPS 25-2006 DEPD .doc;16;HP LaserJet 2300 Series PCL6
paravizi;17-07-06 09.42.20;Microsoft Word - carioni.doc;1;HP LaserJet 2300 Series PCL6
bruno;14-07-06 16.57.35;Microsoft Word - letras.doc;2;HP LaserJet 2300 Series PCL6
paravizi;14-07-06 15.39.16;http://www.instron.com.br/wa/applications/test_types/hardness/k;2;HP LaserJet 2300 Series PCL6
paravizi;14-07-06 15.33.34;Microsoft Word - eletrotec.doc;11;HP LaserJet 2300 Series PCL6
robson;14-07-06 15.18.41;Microsoft Word - Trabalho%20de%20%20%20%20%20%20eletrot%E9cnica[1].doc;6;HP LaserJet 2300 Series PCL6
robson;14-07-06 15.18.29;Microsoft Word - Trabalho%20de%20%20%20%20%20%20eletrot%E9cnica[1].doc;6;HP LaserJet 2300 Series PCL6
anacristina;14-07-06 15.09.21;https://www.feesc.org.br/sifeesc/Principal.exe/GeraExtrato;2;HP LaserJet 2300 Series PCL6
paulo;14-07-06 14.47.29;Microsoft Word - Documento1;2;HP LaserJet 2300 Series PCL6
paravizi;14-07-06 12.51.09;https://www2.bancobrasil.com.br/aapf/pagamentos/0892.jsp;2;HP LaserJet 2300 Series PCL6
eduardo;14-07-06 10.07.32;Microsoft Word - Seminário Usinagem.doc;14;HP LaserJet 2300 Series PCL6
castillo;14-07-06 09.13.32;Microsoft Word - atividade 5-140706.doc;2;HP LaserJet 2300 Series PCL6
sena;13-07-06 18.31.41;Microsoft Word - Edital-PSPS%2025-2006%20DEPD%20.doc;2;HP LaserJet 2300 Series PCL6
sena;13-07-06 15.56.48;Microsoft Word - Declaração aulas práticas ministradas LMP.doc;1;HP LaserJet 2300 Series PCL6
sena;13-07-06 15.56.24;Microsoft Word - declaracao disciplina João Carlos Espíndola Ferreira.doc;1;HP LaserJet 2300 Series PCL6
sena;13-07-06 15.55.06;Microsoft Word - Declaração aulas práticas ministradas LMP.doc;1;HP LaserJet 2300 Series PCL6
sena;13-07-06 15.50.37;Microsoft Word - Curriculum Português instituicoes.doc;2;HP LaserJet 2300 Series PCL6
sena;13-07-06 15.50.05;Microsoft Word - Curriculum Português instituicoes.doc;3;HP LaserJet 2300 Series PCL6
sena;13-07-06 15.24.52;Microsoft Word - Documento2;1;HP LaserJet 2300 Series PCL6
sena;13-07-06 14.43.29;Microsoft Word - Documento1;5;HP LaserJet 2300 Series PCL6
sena;13-07-06 14.14.22;Microsoft Word - Documento1;6;HP LaserJet 2300 Series PCL6
sena;13-07-06 13.51.14;Microsoft Word - Documento1;5;HP LaserJet 2300 Series PCL6
sena;13-07-06 13.25.17;Microsoft Word - Documento1;2;HP LaserJet 2300 Series PCL6
eduardo;13-07-06 13.20.48;Microsoft Word - Documento1;1;HP LaserJet 2300 Series PCL6
sena;13-07-06 13.13.31;Microsoft Word - Curriculum Português instituicoes.doc;2;HP LaserJet 2300 Series PCL6
rolf;13-07-06 10.22.00;Microsoft Word - Declaração para UFSC_engenheiro LMP-130606.doc;1;HP LaserJet 2300 Series PCL6
castillo;13-07-06 10.14.43;Microsoft Word - Declaração para UFSC_engenheiro LMP- 130706.doc;1;HP LaserJet 2300 Series PCL6
castillo;13-07-06 10.14.36;Microsoft Word - Curriculo-Willian-120706.doc;4;HP LaserJet 2300 Series PCL6
pabloja;13-07-06 09.16.58;http://aspro03.npd.ufsc.br/grade/index.jsp?matricula=4239016&se;1;HP LaserJet 2300 Series PCL6
pabloja;13-07-06 09.01.59;http://aspro01.npd.ufsc.br/cagr/camt/aproveitamento3.asp;1;HP LaserJet 2300 Series PCL6
helio;13-07-06 08.42.06;IMAP://lmp.ufsc.br?fetch>UID>.I;1;HP LaserJet 2300 Series PCL6
victor;12-07-06 22.14.51;Microsoft Word - Novo_a_ Documento do Microsoft Word.doc;1;HP LaserJet 2300 Series PCL6
annepriscila;12-07-06 18.40.14;Microsoft Word - trab4_anne.doc;3;HP LaserJet 2300 Series PCL6
annepriscila;12-07-06 18.37.58;Microsoft Word - trab4_anne.doc;4;HP LaserJet 2300 Series PCL6
annepriscila;12-07-06 18.37.56;Microsoft Word - trab4_anne.doc;4;HP LaserJet 2300 Series PCL6
castillo;12-07-06 18.10.55;Microsoft Word - atividade 4-120706.doc;2;HP LaserJet 2300 Series PCL6
paulo;12-07-06 16.32.53;Microsoft Word - Pedido de doação de brindes;1;HP LaserJet 2300 Series PCL6
mendonca;12-07-06 16.00.22;Microsoft Word - Logística-Laboratorio_1.doc;2;HP LaserJet 2300 Series PCL6
mendonca;12-07-06 16.00.04;Microsoft Word - Logística-Laboratorio_1.doc;4;HP LaserJet 2300 Series PCL6
mendonca;12-07-06 15.58.55;Microsoft Word - Logística-Laboratorio_1.doc;1;HP LaserJet 2300 Series PCL6
paravizi;12-07-06 14.59.00;Microsoft Word - Suporte_chapelona2.doc;2;HP LaserJet 2300 Series PCL6
bruno;12-07-06 14.11.37;Quadro-notas-final.pdf;2;HP LaserJet 2300 Series PCL6
bruno;12-07-06 14.11.15;curr-port-jul-06-b.pdf;5;HP LaserJet 2300 Series PCL6
pabloja;12-07-06 13.52.16;Dermatologistas-GEAP.pdf;1;HP LaserJet 2300 Series PCL6
mendonca;12-07-06 13.31.21;Microsoft Word - Documento1;1;HP LaserJet 2300 Series PCL6
mendonca;12-07-06 13.30.17;Microsoft Word - Documento1;1;HP LaserJet 2300 Series PCL6
pedro;12-07-06 12.27.50;Microsoft Word - CurriculumPedroFontoura 2006 2.doc;2;HP LaserJet 2300 Series PCL6
mendonca;12-07-06 11.43.29;http://aspro01.npd.ufsc.br/cagr/camt/atestadoMatricula2.asp;1;HP LaserJet 2300 Series PCL6
paravizi;12-07-06 11.43.07;http://aspro01.npd.ufsc.br/cagr/camt/atestadoMatricula2.asp;1;HP LaserJet 2300 Series PCL6
oliveira;12-07-06 11.40.20;Themen Neu 1 Arbeitsbuch (image) Hueber - lektion fünf.pdf;9;HP LaserJet 2300 Series PCL6
rolf;12-07-06 11.10.46;Microsoft Word - Prprofa061d.doc;2;HP LaserJet 2300 Series PCL6
rolf;12-07-06 11.09.52;Microsoft Word - Prprofa061c.doc;2;HP LaserJet 2300 Series PCL6
rolf;12-07-06 11.07.14;Microsoft Word - Prprofa061b.doc;2;HP LaserJet 2300 Series PCL6
paulo;12-07-06 11.07.12;Microsoft Word - A_cana[1].doc;3;HP LaserJet 2300 Series PCL6
paulo;12-07-06 11.07.09;Microsoft Word - A_cana[1].doc;3;HP LaserJet 2300 Series PCL6
rolf;12-07-06 11.06.14;Microsoft Word - Prprofa061a.doc;2;HP LaserJet 2300 Series PCL6
rolf;12-07-06 10.51.35;Microsoft Word - Prprofa061a.doc;2;HP LaserJet 2300 Series PCL6
rolf;12-07-06 10.51.29;Microsoft Word - Prprofa061b.doc;2;HP LaserJet 2300 Series PCL6
rolf;12-07-06 10.51.22;Microsoft Word - Prprofa061c.doc;2;HP LaserJet 2300 Series PCL6
rolf;12-07-06 10.51.13;Microsoft Word - Prprofa061d.doc;2;HP LaserJet 2300 Series PCL6
sena;12-07-06 10.32.41;Microsoft Word - declaracao disciplina Lourival.doc;1;HP LaserJet 2300 Series PCL6
sena;12-07-06 10.32.02;Microsoft Word - declaracao disciplina João Carlos Espíndola Ferreira.doc;1;HP LaserJet 2300 Series PCL6
brasil;11-07-06 20.33.24;Microsoft Word - RAUL_BRASIL[2].doc;1;HP LaserJet 2300 Series PCL6
pabloja;11-07-06 19.10.53;Versão8(explodida)-mod4-ARTIGO.;1;Acrobat Distiller
pabloja;11-07-06 19.10.36;Versão8(explodida)-mod4-ARTIGO.;1;Acrobat Distiller
pabloja;11-07-06 19.08.50;Versão8(explodida)-mod4-ARTIGO.;1;Acrobat Distiller
pabloja;11-07-06 19.07.45;Versão8(explodida)-mod4-ARTIGO.;1;Acrobat Distiller
tognetta;11-07-06 17.44.11;Microsoft Word - Relatrio%2011-Tog[1].doc;2;HP LaserJet 2300 Series PCL6
sunada;11-07-06 15.48.55;Microsoft Word - Dissertação 12_Sun.doc;62;HP LaserJet 2300 Series PCL6
mortari;11-07-06 15.27.38;Microsoft Word - Horário Monitoria.doc;1;HP LaserJet 2300 Series PCL6
sena;11-07-06 13.44.43;Microsoft Word - Declaracao relatórios técnicos.doc;1;HP LaserJet 2300 Series PCL6
sena;11-07-06 13.42.53;Microsoft Word - Declaração tempo de bolsista.doc;1;HP LaserJet 2300 Series PCL6
sena;11-07-06 13.42.24;Microsoft Word - Declaracao orientacao de alunos graduacao.doc;1;HP LaserJet 2300 Series PCL6
sena;11-07-06 13.42.12;Microsoft Word - Declaracao Fabexp.doc;1;HP LaserJet 2300 Series PCL6
sena;11-07-06 13.41.51;Microsoft Word - declaração BRASILMAQ.doc;1;HP LaserJet 2300 Series PCL6
sena;11-07-06 13.41.41;Microsoft Word - Declaração aulas teóricas ministradas LMP.doc;1;HP LaserJet 2300 Series PCL6
sena;11-07-06 13.40.32;Microsoft Word - Declaração aulas práticas ministradas LMP.doc;1;HP LaserJet 2300 Series PCL6
mendonca;11-07-06 13.11.38;Microsoft Word - Documento1;1;HP LaserJet 2300 Series PCL6
bruno;11-07-06 08.41.22;Microsoft Word - Resumo.doc;1;HP LaserJet 2300 Series PCL6
moecke;11-07-06 08.23.57;ESTATISTICAS_SITE_IECLB.xls;4;HP LaserJet 2300 Series PCL6
moecke;11-07-06 08.19.52;Remote Downlevel Document;0;HP LaserJet 2300 Series PCL6
sena;10-07-06 16.50.45;Microsoft Word - datasus para IC.doc;10;HP LaserJet 2300 Series PCL6
sena;10-07-06 15.41.27;Microsoft Word - Declaração tempo de bolsista.doc;1;HP LaserJet 2300 Series PCL6
sena;10-07-06 15.38.41;Microsoft Word - Declaração tempo de bolsista.doc;1;HP LaserJet 2300 Series PCL6
sena;10-07-06 11.41.01;Microsoft Word - Brognoli - defeitos.doc;2;HP LaserJet 2300 Series PCL6
eduardo;10-07-06 10.18.50;Microsoft Word - Documento1;1;HP LaserJet 2300 Series PCL6
eduardo;10-07-06 10.08.06;http://www2.tre-sc.gov.br/certidoes/certidaoServlet/emiteCertid;1;HP LaserJet 2300 Series PCL6
eduardo;10-07-06 09.59.00;passaporte Fernanda.pdf;1;HP LaserJet 2300 Series PCL6
eduardo;10-07-06 09.57.57;www2[1].dpf.gov.br-gru-gru (pass Fernanda).MDI;1;HP LaserJet 2300 Series PCL6
brasil;10-07-06 00.13.14;Microsoft Word - carta_nispe_modificada[1].doc;1;HP LaserJet 2300 Series PCL6
brasil;10-07-06 00.12.49;Microsoft Word - carta_nispe_modificada[1].doc;1;HP LaserJet 2300 Series PCL6
allan;07-07-06 17.55.16;Microsoft Word - atestado.doc;1;HP LaserJet 2300 Series PCL6
paravizi;07-07-06 17.06.47;Microsoft Word - Documento1;1;HP LaserJet 2300 Series PCL6
paravizi;07-07-06 16.10.14;https://www2.bancobrasil.com.br/aapf/pagamentos/085201.jsp?impr;1;HP LaserJet 2300 Series PCL6
sena;07-07-06 15.54.55;Microsoft Word - Horários dos Bolsistas Gendef 2006_1.doc;1;HP LaserJet 2300 Series PCL6
annepriscila;07-07-06 14.26.13;Microsoft Word - Documento1;1;HP LaserJet 2300 Series PCL6
coelho;07-07-06 14.05.42;Microsoft Word - GENDEF_Felipe Coelho.doc;1;HP LaserJet 2300 Series PCL6
annepriscila;07-07-06 12.08.04;Microsoft Word - Documento1;2;HP LaserJet 2300 Series PCL6
annepriscila;07-07-06 12.03.06;https://www2.bancobrasil.com.br/aapf/extratos/000901.jsp?imprim;2;HP LaserJet 2300 Series PCL6
annepriscila;07-07-06 12.02.37;https://www2.bancobrasil.com.br/aapf/extratos/000901.jsp?imprim;2;HP LaserJet 2300 Series PCL6
rolf;07-07-06 09.26.06;[Fwd: Retirada de visto. Weingärtner; Eduardo EVA 9600191 Ref...;2;HP LaserJet 2300 Series PCL6
sunada;06-07-06 19.13.34;http://www.ludh.com.br/popups/quinta.htm;1;HP LaserJet 2300 Series PCL6
mendonca;06-07-06 18.11.44;Microsoft Word - trabalhode elemII.doc;2;HP LaserJet 2300 Series PCL6
mendonca;06-07-06 17.37.45;Microsoft Word - trabalhode elemII.doc;1;HP LaserJet 2300 Series PCL6
helio;06-07-06 16.23.53;Microsoft Word - 2D3EE0FC;2;HP LaserJet 2300 Series PCL6
sunada;06-07-06 15.19.16;NPD/UFSC - Sistema Acadêmico da Graduação;1;HP LaserJet 2300 Series PCL6
annepriscila;06-07-06 14.25.28;https://www2.bancobrasil.com.br/aapf/transferencias/0819.jsp?im;1;HP LaserJet 2300 Series PCL6
moecke;06-07-06 11.58.54;dados da turma  0538 2005.1.xls;1;HP LaserJet 2300 Series PCL6
moecke;06-07-06 11.58.22;Microsoft Word - Documento em Microsoft Internet Explorer;2;HP LaserJet 2300 Series PCL6
paravizi;06-07-06 11.25.22;http://hps.infolink.com.br/peco/nage_02.htm;6;HP LaserJet 2300 Series PCL6
helton;06-07-06 09.48.00;Microsoft Word - Prova 3_Exame_FET01_ 2006_1.doc;2;HP LaserJet 2300 Series PCL6
helton;06-07-06 09.47.39;Microsoft Word - Prova 2_Exame FET01_ 2006_1.doc;2;HP LaserJet 2300 Series PCL6
helton;06-07-06 09.47.11;Microsoft Word - Prova 1_exame_ FET01_ 2006_1.doc;2;HP LaserJet 2300 Series PCL6
helton;06-07-06 09.45.50;Microsoft Word - Procurao.doc;1;HP LaserJet 2300 Series PCL6
helio;06-07-06 09.31.26;http://www.casan.com.br/geraboleto.php?no_matricula=0749944&no_;1;HP LaserJet 2300 Series PCL6
wagner;06-07-06 08.56.27;Microsoft Word - FAXINA.doc;1;HP LaserJet 2300 Series PCL6
victor;05-07-06 21.19.47;Microsoft Word - SOH3.doc;1;HP LaserJet 2300 Series PCL6
victor;05-07-06 21.17.43;Microsoft Word - SOH3.doc;1;HP LaserJet 2300 Series PCL6
ademir;05-07-06 21.01.26;Microsoft Word - ENSAIOS RADIOGRAFICOS.doc;1;HP LaserJet 2300 Series PCL6
eduardo;05-07-06 19.25.18;http://baiacu.lmp.ufsc.br/webmail/src/printer_friendly_bottom.p;1;HP LaserJet 2300 Series PCL6
domitila;05-07-06 18.23.05;Novo(a) Documento de texto - Bloco de notas;1;HP LaserJet 2300 Series PCL6
bruno;05-07-06 17.53.40;http://fmail5.uol.com.br/cgi-bin/webmail.exe;2;HP LaserJet 2300 Series PCL6
bruno;05-07-06 17.52.08;http://bmail.bol.com.br/banners/bmail2006.html;1;HP LaserJet 2300 Series PCL6
victor;31-07-06 16.59.44;Microsoft Word - Documento1;1;hp deskjet 5550 series
victor;31-07-06 16.42.19;Microsoft Word - Documento1;1;hp deskjet 5550 series
paravizi;27-07-06 15.17.14;Microsoft PowerPoint - Mudan_as_Clim_ticas;3;hp deskjet 5550 series
paravizi;27-07-06 15.11.00;Microsoft PowerPoint - Mudan_as_Clim_ticas;1;hp deskjet 5550 series
ademir;25-07-06 22.36.56;Microsoft Word - Documento3;1;hp deskjet 5550 series
ademir;25-07-06 22.29.44;Microsoft Word - Documento2;1;hp deskjet 5550 series
ademir;25-07-06 22.23.59;Microsoft Word - Documento1;1;hp deskjet 5550 series
eduardo;25-07-06 21.25.59;Microsoft Word - TCC Cap. 1 - Revisão Bibliográfica.doc;2;hp deskjet 5550 series
eduardo;25-07-06 21.24.51;Microsoft Word - TCC Cap. 1 - Revisão Bibliográfica.doc;50;hp deskjet 5550 series
eduardo;25-07-06 18.53.42;Microsoft Word - TCC Cap. 1 - Revisão Bibliográfica.doc;1;hp deskjet 5550 series
eduardo;25-07-06 18.42.05;calendário escolar 2006-1.xls;1;hp deskjet 5550 series
bruno;25-07-06 14.28.51;R-134a.jpe;1;hp deskjet 5550 series
sunada;24-07-06 17.17.00;imagem;2;hp deskjet 5550 series
bruno;23-07-06 17.51.12;Microsoft Word - Relátorio CCQ.doc;6;hp deskjet 5550 series
eduardo;21-07-06 14.02.25;Microsoft Word - Mestrado Eduardo.doc;1;hp deskjet 5550 series
eduardo;21-07-06 13.57.32;Microsoft Word - Doutorado Eduardo.doc;1;hp deskjet 5550 series
mendonca;20-07-06 14.39.19;R-134a.jpe;1;hp deskjet 5550 series
eduardo;19-07-06 19.57.42;Microsoft Word - texto zeis final.doc;7;hp deskjet 5550 series
rolf;19-07-06 17.57.35;Einladung_Schroeter_KW.pdf;1;hp deskjet 5550 series
rolf;19-07-06 17.57.03;Arbeitsplan_Schroeter.pdf;1;hp deskjet 5550 series
sena;17-07-06 13.14.45;Microsoft Word - Declaração conclusão de disciplinas.doc;2;hp deskjet 5550 series
robson;14-07-06 18.41.43;Microsoft Word - Ederson Niezer 07 04 2006[1].doc;1;hp deskjet 5550 series
sena;13-07-06 19.47.16;Microsoft Word - Curriculum Português instituicoes.doc;1;hp deskjet 5550 series
sena;13-07-06 17.14.29;Microsoft Word - Curriculum Português instituicoes.doc;2;hp deskjet 5550 series
sena;13-07-06 17.10.50;Microsoft Word - Curriculum Português instituicoes.doc;2;hp deskjet 5550 series
sena;12-07-06 20.41.55;Microsoft Word - Documento1;1;hp deskjet 5550 series
sena;12-07-06 20.41.40;Microsoft Word - declaracao disciplina João Carlos Espíndola Ferreira.doc;2;hp deskjet 5550 series
sena;12-07-06 19.14.30;Microsoft Word - Curriculum Português.doc;3;hp deskjet 5550 series
sena;10-07-06 20.51.14;Microsoft Word - datasus para IC.doc;1;hp deskjet 5550 series
barni;10-07-06 13.30.33;Scan;1;hp deskjet 5550 series
allan;07-07-06 21.36.42;Media_sandvik.xls;1;hp deskjet 5550 series
allan;07-07-06 21.35.59;Média_Nipotec.xls;1;hp deskjet 5550 series
allan;07-07-06 17.51.15;Média_mapa.xls;1;hp deskjet 5550 series
allan;07-07-06 13.46.59;Média_Iscar.xls;1;hp deskjet 5550 series
mendonca;06-07-06 21.37.59;Microsoft Word - trabalhode elemII.doc;1;hp deskjet 5550 series
allan;06-07-06 21.14.06;Média_Nipotec.xls;2;hp deskjet 5550 series
allan;06-07-06 18.21.29;Média_mapa.xls;1;hp deskjet 5550 series
allan;06-07-06 14.04.02;Média_Iscar.xls;1;hp deskjet 5550 series
moecke;05-09-06 10.53.35;Remote Downlevel Document;0;HP LaserJet 2300 Series PCL6
moecke;05-09-06 09.25.50;Printer Service Data;1;hp deskjet 5550 series
moecke;05-09-06 09.25.39;Printer Service Data;1;hp deskjet 5550 series
castillo;05-09-06 09.20.32;https://www.lmp.ufsc.br/webmail/src/read_body.php?mailbox=INBOX;2;HP LaserJet 2300 Series PCL6
castillo;05-09-06 09.19.32;Microsoft Word - Curriculo-Willian-050906.doc;1;HP LaserJet 2300 Series PCL6
sunada;04-09-06 17.11.06;https://www2.bancobrasil.com.br/aapf/extratos/000901.jsp?impr...;2;HP LaserJet 2300 Series PCL6
annepriscila;04-09-06 14.11.38;requerimento_20de_20residencia1;property=Daten.pdf;5;HP LaserJet 2300 Series PCL6
annepriscila;04-09-06 14.02.14;requerimento_20de_20residencia1;property=Daten.pdf;5;HP LaserJet 2300 Series PCL6
paulo;01-09-06 14.44.15;Microsoft Word - M?SICAS DA 1? EUCARISTIA.doc;2;HP LaserJet 2300 Series PCL6
helton;01-09-06 10.33.05;Microsoft Word - Disserta??o-estado da arteAAAABBBB.doc;3;HP LaserJet 2300 Series PCL6
rolf;31-08-06 17.29.56;Resumo do Pedido Dell 129852935;2;HP LaserJet 2300 Series PCL6
sena;31-08-06 17.23.05;Microsoft Word - primeira prova.doc;2;HP LaserJet 2300 Series PCL6
suguino;31-08-06 14.54.34;Microsoft Word - Relatorio_pibic_2005_final.doc;22;HP LaserJet 2300 Series PCL6
annepriscila;31-08-06 13.57.23;Microsoft Word - relatorio PIBIC - anne.doc;24;hp deskjet 5550 series
paravizi;31-08-06 13.36.30;http://aspro01.npd.ufsc.br/cagr/camt/atestadoMatricula2.asp;1;HP LaserJet 2300 Series PCL6
annepriscila;31-08-06 11.17.45;Microsoft Word - Relat?rio PIBIC Anne 2005 2006_recuperado.doc;20;HP LaserJet 2300 Series PCL6
oliveira;31-08-06 11.14.58;Microsoft Word - relatorio - corrigido.doc;1;hp deskjet 5550 series
oliveira;31-08-06 11.14.17;Microsoft Word - relatorio - corrigido.doc;9;hp deskjet 5550 series
oliveira;31-08-06 11.09.55;Microsoft Word - relatorio - corrigido.doc;15;HP LaserJet 2300 Series PCL6
rolf;31-08-06 11.07.03;http://www.capes.gov.br/capes/p.PDF;1;HP LaserJet 2300 Series PCL6
rolf;31-08-06 10.53.05;http://www.capes.gov.br/capes/p.PDF;7;HP LaserJet 2300 Series PCL6
mendonca;31-08-06 09.53.44;Microsoft Word - Empresa sul ceramica introd.doc;3;HP LaserJet 2300 Series PCL6
mendonca;31-08-06 09.53.40;Microsoft Word - Caso 02 Escolha do fornecedor.doc;1;HP LaserJet 2300 Series PCL6
mendonca;31-08-06 09.53.40;Microsoft Word - CASO 03.CD Angelonidoc.doc;1;HP LaserJet 2300 Series PCL6
mendonca;31-08-06 09.50.29;Microsoft Word - Caso 1 Embralit.doc;1;HP LaserJet 2300 Series PCL6
castillo;30-08-06 15.36.12;DOU.pdf;1;HP LaserJet 2300 Series PCL6
castillo;30-08-06 15.32.13;Microsoft Word - Carta reativa??o bolsa Castillo.doc;2;HP LaserJet 2300 Series PCL6
paravizi;30-08-06 11.39.16;untitled;1;HP LaserJet 2300 Series PCL6
helton;30-08-06 10.08.58;Microsoft Word - Estrutura do estado da arte.doc;3;HP LaserJet 2300 Series PCL6
castillo;30-08-06 09.00.41;https://www2.dpf.gov.br/gru/gru;1;HP LaserJet 2300 Series PCL6
helton;30-08-06 08.57.34;Microsoft Word - Cap 3A.doc;1;HP LaserJet 2300 Series PCL6
helton;30-08-06 08.57.02;Esquema das variveis.xls;1;HP LaserJet 2300 Series PCL6
helton;30-08-06 08.56.35;Esquema das variveis.xls;1;HP LaserJet 2300 Series PCL6
helton;30-08-06 08.56.06;Esquema das variveis.xls;2;HP LaserJet 2300 Series PCL6
helton;30-08-06 08.54.13;Esquema das variveis.xls;2;HP LaserJet 2300 Series PCL6
helton;30-08-06 08.53.15;Esquema das variveis.xls;1;HP LaserJet 2300 Series PCL6
helton;30-08-06 08.51.19;Esquema das variveis.xls;1;HP LaserJet 2300 Series PCL6
mendonca;30-08-06 08.18.29;Microsoft PowerPoint - Apresenta??o1;1;HP LaserJet 2300 Series PCL6
sunada;29-08-06 17.01.37;imagem2;1;hp deskjet 5550 series
sunada;29-08-06 16.58.10;imagem2;2;hp deskjet 5550 series
domitila;29-08-06 16.09.00;http://by112fd.bay112.hotmail.msn.com/cgi-bin/getmsg?msg=C47C46;2;HP LaserJet 2300 Series PCL6
castillo;29-08-06 15.08.55;http://www.in.gov.br/materias/pdf/do/secao1/29_08_2006/do1-55.pdf;1;HP LaserJet 2300 Series PCL6
mendonca;29-08-06 11.57.33;Impress?o de foto de p?gina inteira;1;HP LaserJet 2300 Series PCL6
domitila;28-08-06 17.36.47;http://br.f506.mail.yahoo.com/ym/ShowLetter?MsgId=2140_2819485_;2;HP LaserJet 2300 Series PCL6
suguino;28-08-06 16.36.05;Microsoft Word - Documento1;1;HP LaserJet 2300 Series PCL6
paulo;28-08-06 16.25.48;Microsoft Word - TEATRO - Entrevista com a B?blia.doc;1;HP LaserJet 2300 Series PCL6
sena;28-08-06 16.10.44;Microsoft Word - Notas_Stefanie_Frank[1].doc;1;HP LaserJet 2300 Series PCL6
sena;28-08-06 16.09.26;https://www11.bb.com.br/site/mpag/;1;HP LaserJet 2300 Series PCL6
suguino;28-08-06 15.22.50;Microsoft Word - ArtigoCurvaAtrito08.doc;6;HP LaserJet 2300 Series PCL6
castillo;28-08-06 14.37.11;Proposta.pdf;1;HP LaserJet 2300 Series PCL6
annepriscila;28-08-06 11.26.54;dez2_aus_studbewerber_Bewerbung.PDF;4;HP LaserJet 2300 Series PCL6
bruno;28-08-06 10.00.21;http://mail.google.com/mail/?&ik=b985b707e4&view=pt&th=10d40ecf;4;HP LaserJet 2300 Series PCL6
joviano;28-08-06 09.44.30;Montagem Bancada - Sheet1;1;HP LaserJet 2300 Series PCL6
sunada;27-08-06 15.59.28;Microsoft Word - ArtigoCurvaAtrito05.doc;7;HP LaserJet 2300 Series PCL6
sunada;26-08-06 13.00.05;mapa.gif;1;HP LaserJet 2300 Series PCL6
sunada;26-08-06 12.58.31;https://www.lmp.ufsc.br/webmail/src/download.php?passed_id=814&;1;HP LaserJet 2300 Series PCL6
sunada;26-08-06 12.52.17;https://www.lmp.ufsc.br/webmail/src/download.php?passed_id=814&;1;hp deskjet 5550 series
robson;25-08-06 16.37.45;Microsoft Word - Novo_modelo Termo+PAE.rtf;2;HP LaserJet 2300 Series PCL6
pabloja;25-08-06 16.28.59;https://aspro03.npd.ufsc.br/matricula/pedido;1;HP LaserJet 2300 Series PCL6
tognetta;25-08-06 15.51.49;Microsoft Word - Trabalho Final Tog.doc;8;HP LaserJet 2300 Series PCL6
oliveira;25-08-06 15.19.58;Microsoft Word - mecSol.doc;12;HP LaserJet 2300 Series PCL6
helton;25-08-06 12.43.56;Microsoft Word - Tabelas de contradi??es.doc;8;HP LaserJet 2300 Series PCL6
helton;25-08-06 12.43.29;TRIZ_Overview___Glenn_Mazur.pdf;28;HP LaserJet 2300 Series PCL6
rolf;25-08-06 12.42.31;Lcgrfabexp061_cpd.xls;1;HP LaserJet 2300 Series PCL6
rolf;25-08-06 12.42.31;Lcgrfabexp061_cpd.xls;1;HP LaserJet 2300 Series PCL6
robson;25-08-06 11.43.45;Microsoft Word - ProjetoFinal4.doc;14;HP LaserJet 2300 Series PCL6
robson;25-08-06 11.35.10;Microsoft Word - ProjetoFinal4.doc;1;HP LaserJet 2300 Series PCL6
robson;25-08-06 11.34.04;Microsoft Word - ProjetoFinal4.doc;2;HP LaserJet 2300 Series PCL6
paravizi;25-08-06 10.39.16;http://www.lmp.ufsc.br/home.html;1;HP LaserJet 2300 Series PCL6
paravizi;25-08-06 10.39.15;http://www.lmp.ufsc.br/home.html;1;HP LaserJet 2300 Series PCL6
paravizi;25-08-06 10.39.12;http://www.lmp.ufsc.br/topo.html;1;HP LaserJet 2300 Series PCL6
paravizi;25-08-06 10.39.12;http://www.lmp.ufsc.br/topo.html;1;HP LaserJet 2300 Series PCL6
bruno;25-08-06 10.27.50;http://aspro01.npd.ufsc.br/cagr/camt/atestadoMatricula2.asp;1;HP LaserJet 2300 Series PCL6
moecke;25-08-06 09.36.06;Remote Downlevel Document;0;HP LaserJet 2300 Series PCL6
suguino;25-08-06 09.06.46;publicacao.pdf;3;HP LaserJet 2300 Series PCL6
suguino;25-08-06 09.01.21;introducao a robotica.pdf;3;HP LaserJet 2300 Series PCL6
bruno;24-08-06 16.54.27;Documentos para Estagi?rios Maca?.xls;2;HP LaserJet 2300 Series PCL6
bruno;24-08-06 16.54.01;Microsoft Word - Documento1;1;HP LaserJet 2300 Series PCL6
annepriscila;24-08-06 15.23.34;AV2-G6[1].pdf;1;HP LaserJet 2300 Series PCL6
annepriscila;24-08-06 15.22.02;Microsoft Word - Trabalho final pneumtica.doc;7;HP LaserJet 2300 Series PCL6
annepriscila;24-08-06 15.18.24;AV2-G6[1].pdf;1;HP LaserJet 2300 Series PCL6
robson;24-08-06 12.57.06;Microsoft Word - relatorio.doc;1;HP LaserJet 2300 Series PCL6
robson;24-08-06 12.51.37;Microsoft Word - relatorio.doc;2;HP LaserJet 2300 Series PCL6
robson;24-08-06 12.49.06;Microsoft Word - relatorio.doc;5;HP LaserJet 2300 Series PCL6
mendonca;24-08-06 09.47.15;Sem t?tulo - Bloco de notas;1;HP LaserJet 2300 Series PCL6
domitila;24-08-06 08.39.53;Microsoft Word - COLAFUDI??O[2].doc;1;HP LaserJet 2300 Series PCL6
domitila;24-08-06 08.39.05;Microsoft Word - COLAFUDI??O[2].doc;1;HP LaserJet 2300 Series PCL6
domitila;23-08-06 20.16.18;Microsoft Word - COLA FUDI??O.doc;1;HP LaserJet 2300 Series PCL6
domitila;23-08-06 20.14.11;Microsoft Word - TecnologiadaFundi??ocola.doc;2;HP LaserJet 2300 Series PCL6
domitila;23-08-06 20.13.49;Microsoft Word - COLA FUDI??O.doc;1;HP LaserJet 2300 Series PCL6
domitila;23-08-06 20.13.47;Microsoft Word - COLA FUDI??O.doc;1;HP LaserJet 2300 Series PCL6
domitila;23-08-06 20.13.43;Microsoft Word - COLA FUDI??O.doc;1;HP LaserJet 2300 Series PCL6
domitila;23-08-06 20.13.42;Microsoft Word - COLA FUDI??O.doc;1;HP LaserJet 2300 Series PCL6
domitila;23-08-06 20.13.41;Microsoft Word - TecnologiadaFundi??ocola.doc;2;HP LaserJet 2300 Series PCL6
domitila;23-08-06 20.09.10;Microsoft Word - TecnologiadaFundi??o.doc;3;HP LaserJet 2300 Series PCL6
domitila;23-08-06 20.03.55;Microsoft Word - Trab_Recursos-domi.doc;3;HP LaserJet 2300 Series PCL6
coelho;23-08-06 17.56.59;Microsoft Word - TecnologiadaFundi??ocola.doc;1;HP LaserJet 2300 Series PCL6
mendonca;23-08-06 17.43.40;UFSC/NPD - Hist?rico escolar de gradua??o;3;HP LaserJet 2300 Series PCL6
mendonca;23-08-06 17.42.14;UFSC/NPD - Atestado de Matr?cula;1;hp deskjet 5550 series
mendonca;23-08-06 17.40.33;UFSC/NPD - Atestado de Matr?cula;2;hp deskjet 5550 series
victor;23-08-06 17.38.52;Microsoft Word - TecnologiadaFundi??ocola.doc;1;HP LaserJet 2300 Series PCL6
mendonca;23-08-06 17.37.30;Microsoft Word - Ve_culos20061_final.doc;15;HP LaserJet 2300 Series PCL6
mendonca;23-08-06 17.36.05;Microsoft Word - Ve_culos20061_final.doc;7;HP LaserJet 2300 Series PCL6
victor;23-08-06 17.08.15;Novo(a) Documento de texto - Bloco de notas;1;HP LaserJet 2300 Series PCL6
anacristina;23-08-06 16.53.40;https://www.feesc.org.br/sifeesc/Bolsas.exe/ConfirmaMemoBolsas;1;HP LaserJet 2300 Series PCL6
anacristina;23-08-06 16.52.53;https://www.feesc.org.br/sifeesc/Bolsas.exe/ConfirmaMemoBolsas;1;HP LaserJet 2300 Series PCL6
anacristina;23-08-06 16.51.40;https://www.feesc.org.br/sifeesc/Bolsas.exe/ConfirmaMemoBolsas;1;HP LaserJet 2300 Series PCL6
anacristina;23-08-06 16.50.55;https://www.feesc.org.br/sifeesc/Bolsas.exe/ConfirmaMemoBolsas;1;HP LaserJet 2300 Series PCL6
anacristina;23-08-06 16.50.07;https://www.feesc.org.br/sifeesc/Bolsas.exe/ConfirmaMemoBolsas;1;HP LaserJet 2300 Series PCL6
anacristina;23-08-06 16.49.50;https://www.feesc.org.br/sifeesc/Bolsas.exe/ConfirmaMemoBolsas;1;HP LaserJet 2300 Series PCL6
anacristina;23-08-06 16.49.16;https://www.feesc.org.br/sifeesc/Bolsas.exe/ConfirmaMemoBolsas;1;HP LaserJet 2300 Series PCL6
anacristina;23-08-06 16.45.32;https://www.feesc.org.br/sifeesc/Bolsas.exe/ConfirmaMemoBolsas;1;HP LaserJet 2300 Series PCL6
anacristina;23-08-06 16.44.25;https://www.feesc.org.br/sifeesc/Bolsas.exe/ConfirmaMemoBolsas;1;HP LaserJet 2300 Series PCL6
andrea;23-08-06 16.39.35;http://mup.comercioeletronico.com.br/paymethods/boletoret/model;1;HP LaserJet 2300 Series PCL6
sunada;23-08-06 16.39.29;Microsoft Word - figura.doc;1;hp deskjet 5550 series
paravizi;23-08-06 16.32.45;Microsoft Word - Trab_Recursos-Rogelho.doc;3;HP LaserJet 2300 Series PCL6
sunada;23-08-06 16.21.37;Microsoft Word - atrito.doc;5;hp deskjet 5550 series
andrea;23-08-06 15.40.45;http://www.somatematica.com.br/fundam/tabuada.php;2;HP LaserJet 2300 Series PCL6
paravizi;23-08-06 14.55.00;AV2-G6[1].pdf;1;HP LaserJet 2300 Series PCL6
moecke;23-08-06 14.52.44;Remote Downlevel Document;0;HP LaserJet 2300 Series PCL6
moecke;23-08-06 14.39.26;Remote Downlevel Document;0;HP LaserJet 2300 Series PCL6
paulo;23-08-06 13.51.01;Microsoft Word - SOLENE CELEBRA??O DA PRIMEIRA EUCARISTIA 2006.doc;2;HP LaserJet 2300 Series PCL6
mendonca;23-08-06 10.56.49;carta_psicrometrica.cdr;1;HP LaserJet 2300 Series PCL6
mendonca;23-08-06 10.55.51;carta_psicrometrica.cdr;1;hp deskjet 5550 series
mendonca;23-08-06 10.53.48;carta_psicrometrica.cdr;1;HP LaserJet 2300 Series PCL6
mendonca;23-08-06 10.45.33;Print carta3.jpg (1 page);1;HP LaserJet 2300 Series PCL6
paulo;23-08-06 10.43.38;Microsoft Word - AT 05894 - 2005 Oscar Gutierrez Paredes e Angeloni;25;HP LaserJet 2300 Series PCL6
mendonca;23-08-06 10.37.56;Print r22.bmp (1 page);1;hp deskjet 5550 series
mortari;23-08-06 10.18.26;Resultado_final_(Lourival).xls;1;HP LaserJet 2300 Series PCL6
mortari;23-08-06 10.13.09;Resultado_final_(Lourival).xls;2;HP LaserJet 2300 Series PCL6
moecke;23-08-06 08.31.42;Remote Downlevel Document;0;HP LaserJet 2300 Series PCL6
mortari;22-08-06 21.51.34;Microsoft Word - Doc2.doc;1;hp deskjet 5550 series
mortari;22-08-06 21.47.58;Microsoft Word - Doc2.doc;1;hp deskjet 5550 series
mortari;22-08-06 21.39.58;Microsoft Word - Doc2.doc;1;hp deskjet 5550 series
mortari;22-08-06 21.35.03;Microsoft Word - Doc2.doc;1;hp deskjet 5550 series
paravizi;22-08-06 21.27.20;Microsoft Word - Cap4.doc;1;hp deskjet 5550 series
paravizi;22-08-06 21.24.46;Microsoft Word - Cap4.doc;1;hp deskjet 5550 series
paravizi;22-08-06 21.20.46;Microsoft Word - Cap4.doc;1;hp deskjet 5550 series
sunada;22-08-06 21.03.34;Microsoft Word - Documento1;4;HP LaserJet 2300 Series PCL6
ademir;22-08-06 20.59.20;Microsoft Word - Cap2.doc;1;hp deskjet 5550 series
ademir;22-08-06 20.56.09;Microsoft Word - Cap3.doc;1;hp deskjet 5550 series
ademir;22-08-06 20.52.27;Microsoft Word - Cap3.doc;1;hp deskjet 5550 series
mortari;22-08-06 20.50.45;Scan;1;HP LaserJet 2300 Series PCL6
paravizi;22-08-06 20.27.06;Microsoft Word - Cap2.doc;1;hp deskjet 5550 series
paravizi;22-08-06 20.13.20;Microsoft Word - Cap3.doc;1;hp deskjet 5550 series
paravizi;22-08-06 20.09.36;Microsoft Word - Cap3.doc;1;hp deskjet 5550 series
paravizi;22-08-06 19.28.18;Microsoft Word - Doc3.doc;1;hp deskjet 5550 series
paravizi;22-08-06 19.22.16;Microsoft Word - Doc5.doc;1;hp deskjet 5550 series
paravizi;22-08-06 19.17.53;Microsoft Word - Doc4.doc;1;hp deskjet 5550 series
paravizi;22-08-06 19.14.26;Microsoft Word - Doc5.doc;4;hp deskjet 5550 series
paravizi;22-08-06 19.10.22;Microsoft Word - Doc5.doc;4;HP LaserJet 2300 Series PCL6
sena;22-08-06 18.02.33;http://www.lmp.ufsc.br/rolf/disciplinas/avfabexp_2006_1.pdf;1;HP LaserJet 2300 Series PCL6
suguino;22-08-06 16.50.22;Microsoft Word - Exp 8 - Fabbio e Marcos.doc;9;HP LaserJet 2300 Series PCL6
sena;22-08-06 16.22.06;Microsoft Word - Documento1;1;HP LaserJet 2300 Series PCL6
pabloja;22-08-06 14.37.58;Microsoft Word - Reservas - titanio 2 .doc;15;HP LaserJet 2300 Series PCL6
paulo;22-08-06 13.42.29;Microsoft Word - SOLENE CELEBRA??O DA PRIMEIRA EUCARISTIA 2006.doc;1;HP LaserJet 2300 Series PCL6
helio;22-08-06 11.37.46;C:\Documents and Settings\helio\Configura??es locais\Temporary Internet Files\Content.IE5\93R31HWA\Artigo%20Revista%20Exame[1].pdf;3;HP LaserJet 2300 Series PCL6
rolf;22-08-06 09.47.38;Lcgrtecus061_final.xls;1;HP LaserJet 2300 Series PCL6
bruno;22-08-06 09.39.17;Microsoft Word - Artigo Projeto para Custos.doc;7;HP LaserJet 2300 Series PCL6
bruno;22-08-06 09.27.48;Microsoft Word - Artigo Bruno Jorge Pires.doc;8;HP LaserJet 2300 Series PCL6
abel;22-08-06 08.36.27;Printing;3;HP LaserJet 2300 Series PCL6
abel;22-08-06 08.34.55;Printing;3;HP LaserJet 2300 Series PCL6
abel;22-08-06 08.34.39;Printing;6;HP LaserJet 2300 Series PCL6
abel;22-08-06 08.34.23;Printing;1;HP LaserJet 2300 Series PCL6
abel;22-08-06 08.34.11;Printing;1;HP LaserJet 2300 Series PCL6
abel;22-08-06 08.33.57;Printing;3;HP LaserJet 2300 Series PCL6
abel;22-08-06 08.33.43;Printing;1;HP LaserJet 2300 Series PCL6
abel;22-08-06 08.33.31;Printing;1;HP LaserJet 2300 Series PCL6
abel;22-08-06 08.33.19;Printing;1;HP LaserJet 2300 Series PCL6
abel;22-08-06 08.32.48;Printing;3;HP LaserJet 2300 Series PCL6
abel;22-08-06 08.32.16;Printing;1;HP LaserJet 2300 Series PCL6
abel;22-08-06 08.32.03;Printing;1;HP LaserJet 2300 Series PCL6
abel;22-08-06 08.31.51;Printing;1;HP LaserJet 2300 Series PCL6
abel;22-08-06 08.31.38;Printing;2;HP LaserJet 2300 Series PCL6
abel;22-08-06 08.31.14;Printing;1;HP LaserJet 2300 Series PCL6
abel;22-08-06 08.30.50;Printing;1;HP LaserJet 2300 Series PCL6
abel;22-08-06 08.29.55;Printing;2;HP LaserJet 2300 Series PCL6
abel;22-08-06 08.29.19;Printing;1;HP LaserJet 2300 Series PCL6
abel;22-08-06 08.24.54;Printing;1;HP LaserJet 2300 Series PCL6
abel;22-08-06 08.22.53;Printing;1;HP LaserJet 2300 Series PCL6
abel;22-08-06 08.22.33;Printing;3;HP LaserJet 2300 Series PCL6
abel;22-08-06 08.22.05;Printing;2;HP LaserJet 2300 Series PCL6
abel;22-08-06 08.21.43;Printing;1;HP LaserJet 2300 Series PCL6
abel;22-08-06 08.21.25;Printing;1;HP LaserJet 2300 Series PCL6
abel;22-08-06 08.21.07;Printing;1;HP LaserJet 2300 Series PCL6
abel;22-08-06 08.20.51;Printing;1;HP LaserJet 2300 Series PCL6
abel;22-08-06 08.20.32;Printing;1;HP LaserJet 2300 Series PCL6
abel;22-08-06 08.20.16;Printing;1;HP LaserJet 2300 Series PCL6
abel;22-08-06 08.19.54;Printing;3;HP LaserJet 2300 Series PCL6
abel;22-08-06 08.19.23;Printing;2;HP LaserJet 2300 Series PCL6
domitila;21-08-06 22.40.46;Microsoft Word - Documento1;1;HP LaserJet 2300 Series PCL6
sena;21-08-06 20.54.36;Microsoft PowerPoint - Aula 04 - Geometria nao Definida;5;HP LaserJet 2300 Series PCL6
sena;21-08-06 19.51.08;Microsoft Word - Documento2;1;HP LaserJet 2300 Series PCL6
paravizi;21-08-06 19.32.38;Microsoft Word - Documento1;2;HP LaserJet 2300 Series PCL6
paravizi;21-08-06 19.00.28;Microsoft Word - Doc1.doc;1;HP LaserJet 2300 Series PCL6
paravizi;21-08-06 18.58.28;Microsoft Word - Doc1.doc;1;HP LaserJet 2300 Series PCL6
mortari;21-08-06 17.40.21;Notas_turma_2006-1(Rodrigo).xls;2;HP LaserJet 2300 Series PCL6
helio;21-08-06 17.37.59;Microsoft Word - CAE56605;2;HP LaserJet 2300 Series PCL6
mortari;21-08-06 17.27.42;Notas_turma_2006-1(Lourival).xls;1;HP LaserJet 2300 Series PCL6
rolf;21-08-06 16.41.49;Lcgrfabexp061_final.xls;1;HP LaserJet 2300 Series PCL6
rolf;21-08-06 16.24.45;Lcgrfabexp061_final.xls;1;HP LaserJet 2300 Series PCL6
sena;21-08-06 16.08.05;Microsoft Word - Documento1;1;HP LaserJet 2300 Series PCL6
pabloja;21-08-06 16.05.56;Figura1;1;HP LaserJet 2300 Series PCL6
pabloja;21-08-06 16.05.29;Figura1;1;HP LaserJet 2300 Series PCL6
mortari;21-08-06 16.05.08;Notas_turma_2006-1(Lourival).xls;1;HP LaserJet 2300 Series PCL6
pabloja;21-08-06 16.01.25;Impress?es de ?lbuns de 10 x 15 cm;1;HP LaserJet 2300 Series PCL6
mortari;21-08-06 16.00.18;Notas_turma_2006-1(Lourival).xls;1;HP LaserJet 2300 Series PCL6
mortari;21-08-06 15.54.17;Notas_turma_2006-1(Rodrigo).xls;4;HP LaserJet 2300 Series PCL6
paravizi;21-08-06 15.33.14;Introduction to Fluid Mechanics.PDF;1;HP LaserJet 2300 Series PCL6
robson;21-08-06 14.40.49;http://www.peteps.ufsc.br/downl.PDF;1;HP LaserJet 2300 Series PCL6
robson;21-08-06 12.51.41;Microsoft Word - Bibliografia_Lean.doc;1;HP LaserJet 2300 Series PCL6
paulo;21-08-06 11.26.38;https://www.lmp.ufsc.br/webmail/src/printer_friendly_bottom.php;3;HP LaserJet 2300 Series PCL6
bruno;21-08-06 10.05.14;Microsoft Word - ARTIGO FINAL.doc;9;HP LaserJet 2300 Series PCL6
rolf;21-08-06 08.55.48;Microsoft Word - Qualif_Peixoto.doc;1;HP LaserJet 2300 Series PCL6
paravizi;20-08-06 18.06.00;scan.pdf;2;HP LaserJet 2300 Series PCL6
paravizi;20-08-06 17.58.18;Figura1;1;HP LaserJet 2300 Series PCL6
paravizi;20-08-06 16.37.07;Introduction to Fluid Mechanics Solutions Manual (Fox; 5th e.pdf;43;HP LaserJet 2300 Series PCL6
mortari;18-08-06 23.40.36;Microsoft Word - Documento1;1;HP LaserJet 2300 Series PCL6
annepriscila;18-08-06 20.05.06;Print scan.bmp (1 page);1;HP LaserJet 2300 Series PCL6
annepriscila;18-08-06 20.04.26;Print scan.bmp (1 page);1;HP LaserJet 2300 Series PCL6
paravizi;18-08-06 18.04.41;FORM_1003_2003_e_72dpi.pdf;1;HP LaserJet 2300 Series PCL6
wagner;18-08-06 16.38.29;Pasta2;1;HP LaserJet 2300 Series PCL6
mortari;18-08-06 16.17.41;Microsoft Word - Notas finais turma Rodrigo.doc;1;HP LaserJet 2300 Series PCL6
paravizi;18-08-06 16.17.14;FMS_6210_8200e.pdf;2;HP LaserJet 2300 Series PCL6
paulo;18-08-06 15.25.07;Microsoft Word - SOLENE CELEBRA??O DA PRIMEIRA EUCARISTIA 2006.doc;1;HP LaserJet 2300 Series PCL6
victor;18-08-06 15.14.19;imagem;1;HP LaserJet 2300 Series PCL6
victor;18-08-06 15.13.34;imagem;1;HP LaserJet 2300 Series PCL6
victor;18-08-06 15.12.58;imagem;1;HP LaserJet 2300 Series PCL6
victor;18-08-06 15.11.50;imagem;1;HP LaserJet 2300 Series PCL6
tognetta;18-08-06 15.02.47;Microsoft Word - Trabalho de      Conforma??o - v22.doc;8;HP LaserJet 2300 Series PCL6
tognetta;18-08-06 15.01.24;Microsoft Word - Eletrot?cnica.doc;2;HP LaserJet 2300 Series PCL6
tognetta;18-08-06 15.01.23;Microsoft Word - Eletrot?cnica.doc;2;HP LaserJet 2300 Series PCL6
tognetta;18-08-06 14.59.25;Microsoft Word - Eletrot?cnica.doc;2;HP LaserJet 2300 Series PCL6
tognetta;18-08-06 14.58.14;Eletrot?cnica2.xls;1;HP LaserJet 2300 Series PCL6
tognetta;18-08-06 14.56.39;Eletrot?cnica2.xls;1;HP LaserJet 2300 Series PCL6
sunada;18-08-06 12.13.16;ASM Metals HandBook 16 - Machin.PDF;64;HP LaserJet 2300 Series PCL6
sunada;18-08-06 12.06.21;Test Page;1;HP LaserJet 2300 Series PCL6
helton;18-08-06 11.50.04;ASM Metals HandBook 16 - Machin.PDF;64;HP LaserJet 2300 Series PCL6
mortari;18-08-06 11.20.36;Microsoft Word - Trabalho de Conforma??o.doc;7;HP LaserJet 2300 Series PCL6
suguino;18-08-06 10.56.59;http://www.dep.ufsc.br/sic06/comprovante.php;1;HP LaserJet 2300 Series PCL6
wagner;18-08-06 10.28.14;http://ntsat04.sef.sc.gov.br/DarOnLine/dar35.aspx?numDoc=604200;2;HP LaserJet 2300 Series PCL6
wagner;18-08-06 10.28.10;http://ntsat04.sef.sc.gov.br/DarOnLine/dar35.aspx?numDoc=604200;2;HP LaserJet 2300 Series PCL6
annepriscila;18-08-06 09.57.34;http://www.dep.ufsc.br/sic06/comprovante.php;1;HP LaserJet 2300 Series PCL6
robson;18-08-06 08.58.27;Microsoft Word - Novo_modelo Termo+PAE.rtf;3;HP LaserJet 2300 Series PCL6
oliveira;17-08-06 17.19.08;http://www.dep.ufsc.br/sic06/comprovante.php;1;HP LaserJet 2300 Series PCL6
annepriscila;17-08-06 15.43.29;Microsoft Word - MTM_FIN.doc;4;HP LaserJet 2300 Series PCL6
mendonca;17-08-06 13.39.42;;1;hp deskjet 5550 series
mendonca;17-08-06 12.40.51;;1;hp deskjet 5550 series
mendonca;17-08-06 12.30.22;;1;hp deskjet 5550 series
paravizi;17-08-06 12.28.04;scan.pdf;29;HP LaserJet 2300 Series PCL6
sunada;17-08-06 12.16.30;Microsoft Word - Formul?rio_Bolsa Marcelo Sunada.doc;2;hp deskjet 5550 series
sunada;17-08-06 12.15.03;Microsoft Word - Declara??o de n?o utiliza??o para fins administrativos_Sunada.doc;1;hp deskjet 5550 series
sunada;17-08-06 12.14.43;Microsoft Word - Declara??o de in?cio de atividades_Sunada.doc;1;hp deskjet 5550 series
sunada;17-08-06 12.14.22;Microsoft Word - Declara??o de aus?ncia de v?nculo empregat?cio VA_Sunada.doc;1;hp deskjet 5550 series
sunada;17-08-06 12.13.56;Microsoft Word - Carta implementa??o bolsa DTI Sunada.doc;1;hp deskjet 5550 series
moecke;17-08-06 11.54.43;Remote Downlevel Document;0;HP LaserJet 2300 Series PCL6
domitila;16-08-06 18.43.37;Balan_oPatrimonialKlabin.xls;2;hp deskjet 5550 series
domitila;16-08-06 18.42.46;Microsoft Word - TrabalhoFinal.doc;10;hp deskjet 5550 series
domitila;16-08-06 18.40.09;Balan_oPatrimonialKlabin.xls;1;HP LaserJet 2300 Series PCL6
domitila;16-08-06 18.39.56;Balan_oPatrimonialKlabin.xls;1;HP LaserJet 2300 Series PCL6
domitila;16-08-06 18.39.37;Balan_oPatrimonialKlabin.xls;1;HP LaserJet 2300 Series PCL6
paravizi;16-08-06 17.23.35;Microsoft Word - QUEST_ES_T_PICAS[1].doc;2;HP LaserJet 2300 Series PCL6
paravizi;16-08-06 17.22.26;Microsoft Word - QUEST_ES_T_PICAS[1].doc;2;HP LaserJet 2300 Series PCL6
sena;16-08-06 15.42.38;https://www2.bancobrasil.com.br/aapf/comprovantes/0854rp.jsp?co;1;HP LaserJet 2300 Series PCL6
robson;16-08-06 15.12.30;Microsoft Word - projeto fusca 1600 CAXOPA.doc;10;hp deskjet 5550 series
paravizi;16-08-06 14.19.26;Microsoft Word - Trabalho_Soldagem.doc;2;HP LaserJet 2300 Series PCL6
paravizi;16-08-06 14.16.44;Microsoft Word - Trabalho_Soldagem.doc;2;HP LaserJet 2300 Series PCL6
annepriscila;16-08-06 13.59.32;Microsoft Word - Abstract_IC.doc;1;HP LaserJet 2300 Series PCL6
domitila;16-08-06 13.36.00;Microsoft Word - Roteiro[1][1].doc;2;HP LaserJet 2300 Series PCL6
annepriscila;16-08-06 13.29.11;Microsoft Word - Pot?ncia consumida - sapata reta com condutores.doc;4;HP LaserJet 2300 Series PCL6
robson;16-08-06 13.10.18;Microsoft Word - projeto fusca 1600 CAXOPA.doc;19;HP LaserJet 2300 Series PCL6
paulo;16-08-06 12.17.40;Microsoft Word - Canto do Ter?o pelas Fam?lias.doc;1;HP LaserJet 2300 Series PCL6
rolf;16-08-06 11.18.15;Lcgrtecus061_cpd.xls;1;HP LaserJet 2300 Series PCL6
bruno;16-08-06 10.50.23;Print r13.bmp (1 page);1;hp deskjet 5550 series
bruno;16-08-06 10.47.22;Print r134a.bmp (1 page);1;hp deskjet 5550 series
bruno;16-08-06 10.45.08;Print r22.bmp (1 page);1;hp deskjet 5550 series
bruno;16-08-06 10.42.33;Print r717.bmp (1 page);1;hp deskjet 5550 series
bruno;16-08-06 10.39.47;Print r717.bmp (1 page);1;HP LaserJet 2300 Series PCL6
abel;16-08-06 09.09.08;sssssdddddddddd.pdf;2;HP LaserJet 2300 Series PCL6
abel;16-08-06 08.51.49;Microsoft Word - Documento1;4;HP LaserJet 2300 Series PCL6
abel;16-08-06 08.44.17;Microsoft Word - Documento1;1;HP LaserJet 2300 Series PCL6
abel;16-08-06 08.39.04;trab.pdf;9;HP LaserJet 2300 Series PCL6
abel;16-08-06 08.36.54;Microsoft Word - trabalhoSD.doc;3;HP LaserJet 2300 Series PCL6
tognetta;15-08-06 22.15.30;Microsoft Word - mcflu.doc;4;HP LaserJet 2300 Series PCL6
mortari;15-08-06 21.28.49;Microsoft Word - Doc5.doc;1;hp deskjet 5550 series
mortari;15-08-06 21.16.18;Microsoft Word - Doc5.doc;1;HP LaserJet 2300 Series PCL6
mortari;15-08-06 21.12.16;Microsoft Word - Doc4.doc;1;hp deskjet 5550 series
mortari;15-08-06 21.02.59;Microsoft Word - Doc4.doc;1;hp deskjet 5550 series
mortari;15-08-06 20.59.35;Microsoft Word - Doc3.doc;1;hp deskjet 5550 series
mortari;15-08-06 20.54.02;Microsoft Word - Doc3.doc;1;hp deskjet 5550 series
victor;15-08-06 20.51.06;Microsoft Word - Doc5.doc;1;hp deskjet 5550 series
victor;15-08-06 20.46.59;Microsoft Word - Doc4.doc;1;hp deskjet 5550 series
victor;15-08-06 20.42.21;Microsoft Word - Doc3.doc;1;hp deskjet 5550 series
ademir;15-08-06 18.59.09;Microsoft Word - Doc2.doc;2;hp deskjet 5550 series
ademir;15-08-06 18.55.06;Microsoft Word - Doc3.doc;1;hp deskjet 5550 series
ademir;15-08-06 18.50.19;Microsoft Word - Doc4.doc;1;hp deskjet 5550 series
ademir;15-08-06 18.38.10;Microsoft Word - Doc5.doc;1;hp deskjet 5550 series
ademir;15-08-06 18.35.51;Microsoft Word - Doc5.doc;1;hp deskjet 5550 series
sunada;15-08-06 15.50.25;39582b.pdf;1;HP LaserJet 2300 Series PCL6
sunada;15-08-06 15.39.13;;7;HP LaserJet 2300 Series PCL6
castillo;15-08-06 14.58.07;Microsoft Word - Carta reativa??o bolsa Castillo.doc;2;HP LaserJet 2300 Series PCL6
castillo;15-08-06 14.57.15;Microsoft Word - Carta da Institui??o-policia federal.doc;1;HP LaserJet 2300 Series PCL6
bruno;15-08-06 13.59.08;Microsoft Word - Exerc?cios de refri.doc;3;HP LaserJet 2300 Series PCL6
mortari;15-08-06 13.32.33;Microsoft Word - Pol?tica ambiental nas empresas.doc;3;HP LaserJet 2300 Series PCL6
mortari;15-08-06 13.30.45;Microsoft PowerPoint - Trabalho powepoint crn[3];3;HP LaserJet 2300 Series PCL6
mortari;15-08-06 13.30.41;Microsoft PowerPoint - Trabalho powepoint crn[3];4;HP LaserJet 2300 Series PCL6
mortari;15-08-06 13.22.40;Microsoft Word - Pol?tica ambiental nas empresas.doc;1;hp deskjet 5550 series
mortari;15-08-06 13.22.12;Microsoft Word - Pol?tica ambiental nas empresas.doc;14;HP LaserJet 2300 Series PCL6
paulo;15-08-06 09.58.55;Microsoft Word - Canto do Ter?o pelas Fam?lias.doc;1;HP LaserJet 2300 Series PCL6
annepriscila;15-08-06 09.34.17;Microsoft Word - MUDAN?AS_CLIM?TICAS_RESUMO.doc;12;HP LaserJet 2300 Series PCL6
castillo;15-08-06 09.05.48;Microsoft Word - Trabalho Aspectos Ecologicos do Uso de Fluidos de Corte na Usinagem_08082006.doc;1;HP LaserJet 2300 Series PCL6
castillo;15-08-06 09.04.46;Microsoft Word - Trabalho Aspectos Ecologicos do Uso de Fluidos de Corte na Usinagem_08082006.doc;1;HP LaserJet 2300 Series PCL6
castillo;15-08-06 09.02.36;Microsoft Word - Trabalho Aspectos Ecologicos do Uso de Fluidos de Corte na Usinagem_08082006.doc;1;HP LaserJet 2300 Series PCL6
castillo;15-08-06 08.53.42;Microsoft Word - Trabalho Aspectos Ecologicos do Uso de Fluidos de Corte na Usinagem_14082006.doc;19;HP LaserJet 2300 Series PCL6
coelho;14-08-06 22.30.21;Introduction to Fluid Mechanics Solutions Manual (Fox; 5th ed).pdf;47;HP LaserJet 2300 Series PCL6
victor;14-08-06 22.20.54;Introduction to Fluid Mechanics Solutions Manual (Fox; 5th ed).pdf;47;HP LaserJet 2300 Series PCL6
mortari;14-08-06 22.06.12;Introduction to Fluid Mechanics Solutions Manual (Fox; 5th ed).pdf;47;HP LaserJet 2300 Series PCL6
ademir;14-08-06 21.22.41;Introduction to Fluid Mechanics Solutions Manual (Fox; 5th ed).pdf;47;HP LaserJet 2300 Series PCL6
ademir;14-08-06 21.02.42;Introduction to Fluid Mechanics Solutions Manual (Fox; 5th ed).pdf;16;HP LaserJet 2300 Series PCL6
ademir;14-08-06 20.50.08;Introduction to Fluid Mechanics Solutions Manual (Fox; 5th ed).pdf;1;HP LaserJet 2300 Series PCL6
ademir;14-08-06 20.46.39;Introduction to Fluid Mechanics Solutions Manual (Fox; 5th ed).pdf;1;HP LaserJet 2300 Series PCL6
andrea;14-08-06 20.10.57;Microsoft Word - jaque.doc;2;HP LaserJet 2300 Series PCL6
andrea;14-08-06 20.10.09;Microsoft Word - jaque.doc;2;HP LaserJet 2300 Series PCL6
sunada;14-08-06 17.03.15;Microsoft Word - Disserta??o 12_Sun.doc;1;HP LaserJet 2300 Series PCL6
sunada;14-08-06 17.02.35;Microsoft Word - Disserta??o 12_Sun.doc;1;HP LaserJet 2300 Series PCL6
annepriscila;14-08-06 16.18.25;Fundamentals of Heat and Mass T.PDF;2;HP LaserJet 2300 Series PCL6
suguino;14-08-06 14.51.29;http://br.f514.mail.yahoo.com/ym/ShowLetter?box=Inbox&MsgId=686;2;HP LaserJet 2300 Series PCL6
joviano;14-08-06 14.25.42;http://baiacu.lmp.ufsc.br/webmail/src/printer_friendly_bottom.p;1;HP LaserJet 2300 Series PCL6
joviano;14-08-06 14.24.34;http://baiacu.lmp.ufsc.br/webmail/src/printer_friendly_bottom.p;1;HP LaserJet 2300 Series PCL6
joviano;14-08-06 14.22.51;http://baiacu.lmp.ufsc.br/webmail/src/printer_friendly_bottom.p;1;HP LaserJet 2300 Series PCL6
joviano;14-08-06 14.22.01;http://baiacu.lmp.ufsc.br/webmail/src/printer_friendly_bottom.p;1;HP LaserJet 2300 Series PCL6
joviano;14-08-06 14.21.25;http://baiacu.lmp.ufsc.br/webmail/src/printer_friendly_bottom.p;1;HP LaserJet 2300 Series PCL6
robson;14-08-06 11.04.12;Microsoft Word - 09Cap03.doc;4;HP LaserJet 2300 Series PCL6
rolf;14-08-06 10.30.08;Microsoft Word - Lista assinaturas Tecusdef 2006.1.doc;1;HP LaserJet 2300 Series PCL6
paulo;14-08-06 09.17.58;Microsoft Word - AT 05894 - 2005 Oscar Gutierrez Paredes e Angeloni.doc;1;HP LaserJet 2300 Series PCL6
rolf;14-08-06 09.14.19;Microsoft Word - Prtecgr2061.doc;2;HP LaserJet 2300 Series PCL6
rolf;14-08-06 09.07.17;Microsoft Word - Avfabexp_2006.1.doc;1;HP LaserJet 2300 Series PCL6
rolf;14-08-06 09.06.09;Microsoft Word - Avfabexp_2006.1.doc;1;HP LaserJet 2300 Series PCL6
ademir;11-08-06 18.34.42;http://baiacu.lmp.ufsc.br/webmail/src/printer_friendly_bottom.p;1;HP LaserJet 2300 Series PCL6
paulo;11-08-06 17.06.24;Microsoft Word - Pai.doc;1;HP LaserJet 2300 Series PCL6
wagner;11-08-06 17.06.01;http://baiacu.lmp.ufsc.br/webmail/src/read_body.php?mailbox=INB;1;HP LaserJet 2300 Series PCL6
victor;11-08-06 15.29.57;imagem;1;HP LaserJet 2300 Series PCL6
victor;11-08-06 15.29.10;imagem;1;HP LaserJet 2300 Series PCL6
victor;11-08-06 15.28.09;imagem;1;HP LaserJet 2300 Series PCL6
victor;11-08-06 15.26.49;http://sudoku.hex.com.br/puzzle/normal/24/?q=puzzles;2;HP LaserJet 2300 Series PCL6
coelho;11-08-06 14.48.33;Microsoft Word - Medidores Eltricos_1_.doc;1;HP LaserJet 2300 Series PCL6
victor;11-08-06 14.48.06;Microsoft Word - Medidores Eltricos_1_.doc;3;HP LaserJet 2300 Series PCL6
ademir;11-08-06 14.46.35;Microsoft Word - Medidores      Eltricos_1_.doc;1;HP LaserJet 2300 Series PCL6
ademir;11-08-06 14.40.27;Scan0002.bmp;1;HP LaserJet 2300 Series PCL6
victor;11-08-06 14.37.47;Scan0002;2;HP LaserJet 2300 Series PCL6
victor;11-08-06 14.33.58;Impress?o de foto de p?gina inteira;1;HP LaserJet 2300 Series PCL6
coelho;11-08-06 14.29.39;Microsoft Word - Eletrotecnica.doc;9;HP LaserJet 2300 Series PCL6
coelho;11-08-06 14.28.41;Microsoft Word - Universidade Federal de Santa Catarina.doc;1;HP LaserJet 2300 Series PCL6
coelho;11-08-06 14.28.33;Microsoft Word - Circuito.doc;2;HP LaserJet 2300 Series PCL6
victor;11-08-06 14.18.46;Impress?o de foto de p?gina inteira;1;HP LaserJet 2300 Series PCL6
annepriscila;11-08-06 12.56.41;https://www2.dpf.gov.br/gru/gru;1;HP LaserJet 2300 Series PCL6
annepriscila;11-08-06 12.05.21;https://www2.bancobrasil.com.br/aapf/transferencias/0819.jsp?im;1;HP LaserJet 2300 Series PCL6
rolf;11-08-06 10.38.09;Microsoft Word - FABEXP_Gil_20061.doc;39;HP LaserJet 2300 Series PCL6
sunada;10-08-06 17.26.56;Microsoft Word - artigo_diname2007_07072006.doc;8;HP LaserJet 2300 Series PCL6
helio;10-08-06 17.10.57;Guia_Geral_ADM.pdf;80;HP LaserJet 2300 Series PCL6
tognetta;10-08-06 16.47.55;Microsoft Word - exercicios capitulo9.doc;3;HP LaserJet 2300 Series PCL6
bruno;10-08-06 15.16.41;Microsoft Word - Artigo Bruno Jorge Pires.doc;2;HP LaserJet 2300 Series PCL6
domitila;10-08-06 15.12.37;Introduction to Fluid Mechanics Solutions Manual (Fox; 5th e.pdf;2;HP LaserJet 2300 Series PCL6
domitila;10-08-06 15.12.02;Introduction to Fluid Mechanics Solutions Manual (Fox; 5th e.pdf;1;HP LaserJet 2300 Series PCL6
domitila;10-08-06 15.11.41;Introduction to Fluid Mechanics Solutions Manual (Fox; 5th e.pdf;2;HP LaserJet 2300 Series PCL6
domitila;10-08-06 15.11.07;Introduction to Fluid Mechanics Solutions Manual (Fox; 5th e.pdf;1;HP LaserJet 2300 Series PCL6
domitila;10-08-06 15.10.36;Introduction to Fluid Mechanics Solutions Manual (Fox; 5th e.pdf;1;HP LaserJet 2300 Series PCL6
domitila;10-08-06 15.10.03;Introduction to Fluid Mechanics Solutions Manual (Fox; 5th e.pdf;2;HP LaserJet 2300 Series PCL6
domitila;10-08-06 15.09.36;Introduction to Fluid Mechanics Solutions Manual (Fox; 5th e.pdf;1;HP LaserJet 2300 Series PCL6
domitila;10-08-06 15.09.18;Introduction to Fluid Mechanics Solutions Manual (Fox; 5th e.pdf;1;HP LaserJet 2300 Series PCL6
domitila;10-08-06 15.08.45;Introduction to Fluid Mechanics Solutions Manual (Fox; 5th e.pdf;2;HP LaserJet 2300 Series PCL6
domitila;10-08-06 15.08.05;Introduction to Fluid Mechanics Solutions Manual (Fox; 5th e.pdf;1;HP LaserJet 2300 Series PCL6
domitila;10-08-06 15.07.51;Introduction to Fluid Mechanics Solutions Manual (Fox; 5th e.pdf;1;HP LaserJet 2300 Series PCL6
domitila;10-08-06 15.05.58;Introduction to Fluid Mechanics Solutions Manual (Fox; 5th e.pdf;1;HP LaserJet 2300 Series PCL6
domitila;10-08-06 15.04.53;Introduction to Fluid Mechanics Solutions Manual (Fox; 5th e.pdf;1;HP LaserJet 2300 Series PCL6
domitila;10-08-06 15.04.41;Introduction to Fluid Mechanics Solutions Manual (Fox; 5th e.pdf;2;HP LaserJet 2300 Series PCL6
domitila;10-08-06 15.03.44;Introduction to Fluid Mechanics Solutions Manual (Fox; 5th e.pdf;1;HP LaserJet 2300 Series PCL6
domitila;10-08-06 15.03.23;Introduction to Fluid Mechanics Solutions Manual (Fox; 5th e.pdf;1;HP LaserJet 2300 Series PCL6
domitila;10-08-06 15.02.50;Introduction to Fluid Mechanics Solutions Manual (Fox; 5th e.pdf;2;HP LaserJet 2300 Series PCL6
domitila;10-08-06 15.02.14;Introduction to Fluid Mechanics Solutions Manual (Fox; 5th e.pdf;1;HP LaserJet 2300 Series PCL6
domitila;10-08-06 15.01.50;Introduction to Fluid Mechanics Solutions Manual (Fox; 5th e.pdf;2;HP LaserJet 2300 Series PCL6
domitila;10-08-06 15.01.15;Introduction to Fluid Mechanics Solutions Manual (Fox; 5th e.pdf;1;HP LaserJet 2300 Series PCL6
domitila;10-08-06 15.00.49;Introduction to Fluid Mechanics Solutions Manual (Fox; 5th e.pdf;1;HP LaserJet 2300 Series PCL6
domitila;10-08-06 14.59.52;Introduction to Fluid Mechanics Solutions Manual (Fox; 5th e.pdf;1;HP LaserJet 2300 Series PCL6
domitila;10-08-06 14.59.18;Introduction to Fluid Mechanics Solutions Manual (Fox; 5th e.pdf;1;HP LaserJet 2300 Series PCL6
domitila;10-08-06 14.58.59;Introduction to Fluid Mechanics Solutions Manual (Fox; 5th e.pdf;1;HP LaserJet 2300 Series PCL6
domitila;10-08-06 14.58.33;Introduction to Fluid Mechanics Solutions Manual (Fox; 5th e.pdf;1;HP LaserJet 2300 Series PCL6
domitila;10-08-06 14.58.10;Introduction to Fluid Mechanics Solutions Manual (Fox; 5th e.pdf;1;HP LaserJet 2300 Series PCL6
domitila;10-08-06 14.57.48;Introduction to Fluid Mechanics Solutions Manual (Fox; 5th e.pdf;1;HP LaserJet 2300 Series PCL6
domitila;10-08-06 14.57.19;Introduction to Fluid Mechanics Solutions Manual (Fox; 5th e.pdf;1;HP LaserJet 2300 Series PCL6
domitila;10-08-06 14.56.40;Introduction to Fluid Mechanics Solutions Manual (Fox; 5th e.pdf;1;HP LaserJet 2300 Series PCL6
castillo;10-08-06 14.06.42;Microsoft Word - Carta reativa??o bolsa Castillo.doc;2;HP LaserJet 2300 Series PCL6
paulo;10-08-06 13.42.47;Microsoft Word - AT 05894 - 2005 Oscar Gutierrez Paredes e Angeloni.doc;8;HP LaserJet 2300 Series PCL6
pabloja;10-08-06 13.22.25;Microsoft Word - Contrato - invensao tecnologica.doc;4;HP LaserJet 2300 Series PCL6
abel;10-08-06 11.08.54;Microsoft Word - Documento em Microsoft Internet Explorer;1;HP LaserJet 2300 Series PCL6
wagner;10-08-06 11.02.52;http://www.lcmi.ufsc.br/%7Eromulo/discipli/cad-ii2/lista-p2-2006.pdf;11;HP LaserJet 2300 Series PCL6
ademir;09-08-06 14.12.07;Microsoft Word - Experimental.doc;1;HP LaserJet 2300 Series PCL6
ademir;09-08-06 14.08.14;Microsoft Word - Experimental.doc;1;HP LaserJet 2300 Series PCL6
paravizi;09-08-06 14.07.17;Microsoft Word - Experimental           final.doc;1;HP LaserJet 2300 Series PCL6
paravizi;09-08-06 14.06.28;Microsoft Word - Experimental           final.doc;1;HP LaserJet 2300 Series PCL6
ademir;09-08-06 14.06.07;Microsoft Word - Experimental.doc;1;HP LaserJet 2300 Series PCL6
paravizi;09-08-06 14.05.33;Microsoft Word - Experimental           final.doc;1;HP LaserJet 2300 Series PCL6
mortari;09-08-06 13.30.12;Microsoft Word - Notas segunda prova Lourival.doc;1;HP LaserJet 2300 Series PCL6
mortari;09-08-06 13.29.26;Microsoft Word - Notas segunda prova Lourival.doc;1;HP LaserJet 2300 Series PCL6
coelho;09-08-06 13.26.55;Microsoft Word - Experimental.doc;3;HP LaserJet 2300 Series PCL6
mortari;09-08-06 13.12.34;Microsoft Word - Experimental reduzida.doc;1;HP LaserJet 2300 Series PCL6
wagner;09-08-06 12.48.20;http://ntsat04.sef.sc.gov.br/DarOnLine/dar35.aspx?numDoc=604200;2;hp deskjet 5550 series
wagner;09-08-06 12.45.22;http://ntsat04.sef.sc.gov.br/DarOnLine/dar35.aspx?numDoc=604200;2;HP LaserJet 2300 Series PCL6
coelho;08-08-06 20.03.05;Microsoft Word - Eletrotecnica.doc;9;HP LaserJet 2300 Series PCL6
mendonca;08-08-06 19.15.29;;1;HP LaserJet 2300 Series PCL6
mendonca;08-08-06 19.10.26;;1;HP LaserJet 2300 Series PCL6
sena;08-08-06 19.07.17;Microsoft Word - documentos necess?rios.doc;1;HP LaserJet 2300 Series PCL6
mendonca;08-08-06 18.45.27;;1;HP LaserJet 2300 Series PCL6
mendonca;08-08-06 18.40.09;;3;HP LaserJet 2300 Series PCL6
robson;08-08-06 17.31.02;Microsoft Word - TERMO_DE_COMPROMISSO_PARA_REALIZA__O_DE_EST_GIOS_modelo[1].doc;2;HP LaserJet 2300 Series PCL6
victor;08-08-06 16.22.11;Microsoft Word - planejamento vitico.doc;3;HP LaserJet 2300 Series PCL6
ademir;08-08-06 16.21.39;Microsoft Word - O MEU PLANEJAMENTO DE CARREIRA.doc;2;HP LaserJet 2300 Series PCL6
victor;08-08-06 16.19.21;Microsoft Word - planejamento vitico.doc;3;HP LaserJet 2300 Series PCL6
moecke;08-08-06 16.10.19;Remote Downlevel Document;0;HP LaserJet 2300 Series PCL6
moecke;08-08-06 16.06.17;Remote Downlevel Document;0;HP LaserJet 2300 Series PCL6
moecke;08-08-06 16.02.03;Remote Downlevel Document;0;HP LaserJet 2300 Series PCL6
moecke;08-08-06 16.01.04;Remote Downlevel Document;0;HP LaserJet 2300 Series PCL6
moecke;08-08-06 15.57.53;Remote Downlevel Document;0;HP LaserJet 2300 Series PCL6
oliveira;08-08-06 15.57.13;Microsoft Word - Notas segunda prova Eduardo.doc;1;HP LaserJet 2300 Series PCL6
wagner;08-08-06 15.34.45;Bescheinigung_LMP_Ederson[1].mdi;2;HP LaserJet 2300 Series PCL6
paulo;08-08-06 14.16.37;Microsoft Word - AT 05894 - 2005 Oscar Gutierrez Paredes e Angeloni.doc;1;HP LaserJet 2300 Series PCL6
moecke;08-08-06 12.24.55;Remote Downlevel Document;0;HP LaserJet 2300 Series PCL6
annepriscila;08-08-06 10.19.56;https://www2.bancobrasil.com.br/aapf/transferencias/0819.jsp?im;1;HP LaserJet 2300 Series PCL6
rolf;08-08-06 08.49.27;visita - projeto fluido de corte;1;HP LaserJet 2300 Series PCL6
pabloja;07-08-06 18.05.06;http://by120w.bay120.mail.live.com/mail/mail.aspx?Control=ReadM;7;HP LaserJet 2300 Series PCL6
pabloja;07-08-06 17.36.44;Figura_4-artigo.SLDASM;1;Acrobat Distiller
pabloja;07-08-06 17.36.08;Figura_4-artigo.SLDASM;1;Acrobat Distiller
paravizi;07-08-06 17.15.09;Introduction to Fluid Mechanics.PDF;1;HP LaserJet 2300 Series PCL6
paravizi;07-08-06 17.14.50;Introduction to Fluid Mechanics.PDF;1;HP LaserJet 2300 Series PCL6
paravizi;07-08-06 17.14.31;Introduction to Fluid Mechanics.PDF;1;HP LaserJet 2300 Series PCL6
paravizi;07-08-06 17.14.00;Introduction to Fluid Mechanics.PDF;1;HP LaserJet 2300 Series PCL6
paravizi;07-08-06 17.13.42;Introduction to Fluid Mechanics.PDF;1;HP LaserJet 2300 Series PCL6
paravizi;07-08-06 17.13.20;Introduction to Fluid Mechanics.PDF;1;HP LaserJet 2300 Series PCL6
paravizi;07-08-06 17.12.59;Introduction to Fluid Mechanics.PDF;1;HP LaserJet 2300 Series PCL6
paravizi;07-08-06 17.12.32;Introduction to Fluid Mechanics.PDF;1;HP LaserJet 2300 Series PCL6
paravizi;07-08-06 17.12.05;Introduction to Fluid Mechanics.PDF;1;HP LaserJet 2300 Series PCL6
paravizi;07-08-06 17.11.52;Introduction to Fluid Mechanics.PDF;1;HP LaserJet 2300 Series PCL6
annepriscila;07-08-06 16.11.13;Microsoft Word - Ergonomia_Anne.doc;1;HP LaserJet 2300 Series PCL6
mendonca;07-08-06 15.56.59;Microsoft Word - Trab Elementos II - Proj Redutor2.doc;20;HP LaserJet 2300 Series PCL6
annepriscila;07-08-06 15.44.59;Microsoft Word - Notas segunda prova Eduardo.doc;1;HP LaserJet 2300 Series PCL6
mendonca;07-08-06 15.35.57;Microsoft Word - Trab Elementos II - Proj Redutor2.doc;15;HP LaserJet 2300 Series PCL6
mendonca;07-08-06 15.34.20;Microsoft Word - Trab Elementos II - Proj Redutor2.doc;4;hp deskjet 5550 series
mendonca;07-08-06 15.23.51;Microsoft Word - Trab Elementos II - Proj Redutor2.doc;1;hp deskjet 5550 series
mendonca;07-08-06 15.20.51;Microsoft Word - Trab Elementos II - Proj Redutor2.doc;1;HP LaserJet 2300 Series PCL6
mendonca;07-08-06 14.09.22;Microsoft Word - Trab Elementos II - Proj Redutor2.doc;1;HP LaserJet 2300 Series PCL6
castillo;07-08-06 13.14.16;Microsoft Word - Resumo-asp.eco.flui.na.usinagem-07082006.doc;1;HP LaserJet 2300 Series PCL6
bruno;07-08-06 13.05.48;Metodologia_pneu.pdf;1;HP LaserJet 2300 Series PCL6
bruno;07-08-06 12.58.42;Metodologia_pneu.pdf;1;HP LaserJet 2300 Series PCL6
annepriscila;07-08-06 12.55.10;https://www2.bancobrasil.com.br/aapf/transferencias/0819.jsp?im;1;HP LaserJet 2300 Series PCL6
annepriscila;07-08-06 12.53.11;https://www2.bancobrasil.com.br/aapf/transferencias/0819.jsp?im;1;HP LaserJet 2300 Series PCL6
sunada;07-08-06 12.42.37;Microsoft Word - artigo_dinamic_final_formatado2.doc;9;HP LaserJet 2300 Series PCL6
bruno;07-08-06 12.31.52;Metodologia_pneu.pdf;1;HP LaserJet 2300 Series PCL6
bruno;07-08-06 12.31.45;Metodologia_pneu.pdf;1;HP LaserJet 2300 Series PCL6
bruno;07-08-06 12.31.20;Metodologia_pneu.pdf;1;HP LaserJet 2300 Series PCL6
sunada;07-08-06 11.37.10;Print Scan0008.jpg (1 page);1;HP LaserJet 2300 Series PCL6
sunada;07-08-06 10.53.50;Print Scan0007.jpg (1 page);1;HP LaserJet 2300 Series PCL6
sunada;07-08-06 10.53.07;Print Scan0006.jpg (1 page);1;HP LaserJet 2300 Series PCL6
sunada;07-08-06 00.03.11;Print Scan0005.jpg (1 page);1;HP LaserJet 2300 Series PCL6
sunada;07-08-06 00.02.32;Print Scan0004.jpg (1 page);1;HP LaserJet 2300 Series PCL6
sunada;07-08-06 00.01.29;Print Scan0003.jpg (1 page);1;HP LaserJet 2300 Series PCL6
sunada;07-08-06 00.00.43;Print Scan0002.jpg (1 page);1;HP LaserJet 2300 Series PCL6
sunada;06-08-06 23.59.41;Print Scan0001.jpg (1 page);1;HP LaserJet 2300 Series PCL6
sunada;06-08-06 23.58.45;Print Digitalizar.jpg (1 page);1;HP LaserJet 2300 Series PCL6
mendonca;06-08-06 17.16.56;Microsoft Word - Trab Elementos II - Proj Redutor2.doc;1;HP LaserJet 2300 Series PCL6
paravizi;05-08-06 18.39.06;Microsoft Word - Trab_Recursos1.doc;3;HP LaserJet 2300 Series PCL6
wagner;04-08-06 17.06.11;Microsoft Word - 1173-Personal-Info_englisch.doc;1;hp deskjet 5550 series
wagner;04-08-06 17.05.43;Microsoft Word - 1173-Personal-Info_englisch.doc;1;HP LaserJet 2300 Series PCL6
wagner;04-08-06 17.05.35;Microsoft Word - 1115-Einreise_english.doc;2;HP LaserJet 2300 Series PCL6
wagner;04-08-06 13.12.33;http://baiacu.lmp.ufsc.br/webmail/src/read_body.php?mailbox=INB;1;HP LaserJet 2300 Series PCL6
bruno;04-08-06 11.37.31;http://mail.google.com/mail/?view=page&name=gp&ver=3403410b7685;8;HP LaserJet 2300 Series PCL6
helio;04-08-06 11.08.52;Microsoft Word - Documento1;1;HP LaserJet 2300 Series PCL6
allan;04-08-06 10.40.21;Microsoft Word - Carta_Cancelamento_de_Bolsa.doc;1;HP LaserJet 2300 Series PCL6
allan;04-08-06 10.39.54;Microsoft Word - Carta_Cancelamento_de_Bolsa.doc;1;HP LaserJet 2300 Series PCL6
allan;04-08-06 10.34.17;Microsoft Word - Carta_Cancelamento_de_Bolsa.doc;1;HP LaserJet 2300 Series PCL6
allan;04-08-06 10.31.59;Microsoft Word - Carta_Cancelamento_de_Bolsa.doc;1;HP LaserJet 2300 Series PCL6
suguino;04-08-06 10.04.09;Microsoft Word - prerelatorio11.doc;1;HP LaserJet 2300 Series PCL6
suguino;04-08-06 10.00.17;Microsoft Word - EXTENS_METRO.doc;2;HP LaserJet 2300 Series PCL6
domitila;04-08-06 09.14.59;C:\Documents and Settings\domitila\Configura??es locais\Temporary Internet Files\Content.IE5\YHX6F6XO\MecFluRot3_2006_1[1].pdf;1;HP LaserJet 2300 Series PCL6
wagner;03-08-06 15.04.50;Microsoft Word - M?todo Imagem Moir?.doc;1;HP LaserJet 2300 Series PCL6
suguino;03-08-06 14.53.27;Microsoft Word - prerelatorio11.doc;1;HP LaserJet 2300 Series PCL6
suguino;03-08-06 14.33.34;cavaco.xls;1;HP LaserJet 2300 Series PCL6
suguino;03-08-06 14.33.07;cavaco.xls;2;HP LaserJet 2300 Series PCL6
allan;03-08-06 13.59.33;Microsoft Word - An?lise_Resultados_2.doc;10;HP LaserJet 2300 Series PCL6
mendonca;03-08-06 10.16.40;Microsoft Word - TRABALHO MOTORES - Rodrigo-Rafael 4.doc;5;hp deskjet 5550 series
mendonca;03-08-06 10.12.36;Microsoft Word - TRABALHO MOTORES - Rodrigo-Rafael 4.doc;12;hp deskjet 5550 series
mendonca;03-08-06 10.03.34;Microsoft Word - TRABALHO MOTORES - Rodrigo-Rafael 4.doc;30;HP LaserJet 2300 Series PCL6
mendonca;03-08-06 09.57.27;Microsoft Word - TRABALHO MOTORES - Rodrigo-Rafael 4.doc;2;HP LaserJet 2300 Series PCL6
mendonca;03-08-06 09.56.26;Microsoft Word - TRABALHO MOTORES - Rodrigo-Rafael 4.doc;1;hp deskjet 5550 series
mendonca;03-08-06 09.56.03;Microsoft Word - TRABALHO MOTORES - Rodrigo-Rafael 4.doc;1;HP LaserJet 2300 Series PCL6
barni;03-08-06 09.13.51;TrabPecasCAPP2006_2_3.pdf;1;HP LaserJet 2300 Series PCL6
barni;03-08-06 09.10.23;Microsoft Word - trab2CAPP_ultimate.doc;12;HP LaserJet 2300 Series PCL6
moecke;03-08-06 08.43.36;Remote Downlevel Document;0;HP LaserJet 2300 Series PCL6
tognetta;02-08-06 18.18.09;Microsoft Word - Documento1;6;HP LaserJet 2300 Series PCL6
annepriscila;02-08-06 18.09.47;Microsoft Word - Documento2;1;HP LaserJet 2300 Series PCL6
mendonca;02-08-06 17.47.50;Microsoft Word - Orienta%C3%A7%C3%A3o para a sele%C3%A7%C3%A3o do %C3%A2ngulo de H%C3%A9lice[1]. doc.doc;1;HP LaserJet 2300 Series PCL6
mendonca;02-08-06 17.44.20;Impress?o de foto de p?gina inteira;1;HP LaserJet 2300 Series PCL6
mendonca;02-08-06 17.42.26;Microsoft Word - tabela de      m?dulos.doc;1;HP LaserJet 2300 Series PCL6
sunada;02-08-06 16.59.36;Microsoft Word - PRO--3011917 Marcelo.doc;1;HP LaserJet 2300 Series PCL6
mendonca;02-08-06 16.13.06;Impress?o de fax em p?gina inteira;1;hp deskjet 5550 series
mendonca;02-08-06 16.06.37;;1;hp deskjet 5550 series
wagner;02-08-06 15.55.38;http://baiacu.lmp.ufsc.br/webmail/src/read_body.php?startMessag;1;HP LaserJet 2300 Series PCL6
pedro;02-08-06 15.03.57;Microsoft Word - Formul?riodeadmiss?oESTAGI?RIOS.doc;3;HP LaserJet 2300 Series PCL6
coelho;02-08-06 14.35.05;Microsoft Word - Modelo.doc;1;HP LaserJet 2300 Series PCL6
domitila;02-08-06 14.08.32;Microsoft Word - Anne-TarefasLMP.doc;1;HP LaserJet 2300 Series PCL6
mendonca;02-08-06 11.27.07;Microsoft Word - Logistica - Relatorio SCM.doc;4;hp deskjet 5550 series
mendonca;02-08-06 11.21.34;Microsoft Word - Logistica - Relatorio SCM.doc;6;HP LaserJet 2300 Series PCL6
abel;02-08-06 10.58.36;Demo Page;1;hp deskjet 5550 series (2)
mendonca;02-08-06 10.07.11;Microsoft Word - Documento3;2;HP LaserJet 2300 Series PCL6
paulo;02-08-06 08.26.44;Microsoft Word - AT 05894 - 2005 Oscar Gutierrez Paredes e Angeloni.doc;5;HP LaserJet 2300 Series PCL6
tognetta;01-08-06 17.39.04;Microsoft Word - Relatrio 09 - Tog.doc;2;HP LaserJet 2300 Series PCL6
helio;01-08-06 16.29.06;Microsoft Word - Documento1;3;HP LaserJet 2300 Series PCL6
helio;01-08-06 16.09.30;Microsoft Word - Documento1;6;HP LaserJet 2300 Series PCL6
sunada;01-08-06 15.51.02;Microsoft Word - Disserta??o 12_Sun.doc;1;HP LaserJet 2300 Series PCL6
anacristina;01-08-06 15.01.02;Microsoft Word - Gr?ficoS - RETITUDE - COLORIDO.doc;2;HP LaserJet 2300 Series PCL6
anacristina;01-08-06 14.57.53;Microsoft Word - Gr?ficoS - RETITUDE - COLORIDO.doc;2;HP LaserJet 2300 Series PCL6
oliveira;01-08-06 13.02.43;http://by104fd.bay104.hotmail.msn.com/cgi-bin/getmsg?msg=0F3DD4;2;HP LaserJet 2300 Series PCL6
moecke;01-08-06 12.43.24;TrabalhoHermite.pdf;14;HP LaserJet 2300 Series PCL6
