mitja;29-09-06 12.23.23;Microsoft Word - Unterlagen fuer Studienarbeit IC.doc;1;HP LaserJet 2300 Series PCL6
mitja;29-09-06 12.23.09;Microsoft Word - Unterlagen fuer Studienarbeit IC.doc;2;HP LaserJet 2300 Series PCL6
mauricio;28-09-06 17.43.47;Microsoft Word - Horário.doc;1;HP LaserJet 2300 Series PCL6
mauricio;28-09-06 17.43.13;Microsoft Word - Horário.doc;1;HP LaserJet 2300 Series PCL6
eriberto;28-09-06 17.07.37;Metal Machining - Theory and Applications - T. Childs et. al. (2000) WW.pdf;8;HP LaserJet 2300 Series PCL6
eriberto;28-09-06 17.02.45;http://aspro01.npd.ufsc.br/cagr/camt/espelhomatricula2.asp;1;HP LaserJet 2300 Series PCL6
eriberto;28-09-06 17.02.26;Metal Machining - Theory and Applications - T. Childs et. al. (2000) WW.pdf;151;HP LaserJet 2300 Series PCL6
tajes;28-09-06 16.43.35;Microsoft Word - FAT_Leonardo.doc;1;HP LaserJet 2300 Series PCL6
tajes;28-09-06 16.42.30;Microsoft Word - FAT_Leonardo.doc;1;HP LaserJet 2300 Series PCL6
gustavo;28-09-06 16.42.18;Microsoft Word - Nakagawa_06-2.doc;1;HP LaserJet 2300 Series PCL6
gustavo;28-09-06 16.42.06;Microsoft Word - Nakagawa_06-2.doc;1;HP LaserJet 2300 Series PCL6
eriberto;28-09-06 16.41.53;Metal Machining - Theory and Applications - T. Childs et. al. (2000) WW.pdf;100;HP LaserJet 2300 Series PCL6
rolf;28-09-06 16.34.33;Resumos publicações.pdf;3;HP LaserJet 2300 Series PCL6
rolf;28-09-06 16.34.16;Informações Complementares.pdf;2;HP LaserJet 2300 Series PCL6
rolf;28-09-06 16.34.02;Diploma Doutorado.pdf;2;HP LaserJet 2300 Series PCL6
rolf;28-09-06 16.33.35;Declaração_pósdoc_emc.pdf;1;HP LaserJet 2300 Series PCL6
rolf;28-09-06 16.33.11;Curriculum Prof. Wegener.pdf;8;HP LaserJet 2300 Series PCL6
rolf;28-09-06 16.32.54;Convite Prof. Wegener - ETH.pdf;3;HP LaserJet 2300 Series PCL6
eriberto;28-09-06 16.31.54;Metal Machining - Theory and Applications - T. Childs et. al. (2000) WW.pdf;100;HP LaserJet 2300 Series PCL6
eriberto;28-09-06 16.23.28;Metal Machining - Theory and Applications - T. Childs et. al. (2000) WW.pdf;50;HP LaserJet 2300 Series PCL6
eriberto;28-09-06 16.20.16;Metal Machining - Theory and Applications - T. Childs et. al. (2000) WW.pdf;4;HP LaserJet 2300 Series PCL6
eriberto;28-09-06 16.18.22;Metal Machining - Theory and Applications - T. Childs et. al. (2000) WW.pdf;8;HP LaserJet 2300 Series PCL6
mitja;28-09-06 16.11.40;Microsoft Word - Documento1;1;HP LaserJet 2300 Series PCL6
rolf;28-09-06 15.56.39;Microsoft Word - Planejamento atividades_28092006.doc;3;HP LaserJet 2300 Series PCL6
oliveira;28-09-06 15.55.56;Microsoft Word - FAT_Leonardo.doc;1;HP LaserJet 2300 Series PCL6
picoloto;28-09-06 15.55.37;Microsoft Word - FAT_Rafael.doc;2;HP LaserJet 2300 Series PCL6
rolf;28-09-06 15.50.21;Plano estudos_pósdoc.pdf;17;HP LaserJet 2300 Series PCL6
rolf;28-09-06 15.04.54;A new dynamic model for drillin.PDF;13;HP LaserJet 2300 Series PCL6
castillo;28-09-06 14.54.25;Microsoft Word - Planejamento atividades_27092006.doc;3;HP LaserJet 2300 Series PCL6
sena;28-09-06 14.31.28;Microsoft Word - Tabela Máquina.doc;1;HP LaserJet 2300 Series PCL6
joviano;28-09-06 14.05.46;Microsoft PowerPoint - Cap 11C;25;HP LaserJet 2300 Series PCL6
joviano;28-09-06 14.04.52;Microsoft PowerPoint - Cap 8C;9;HP LaserJet 2300 Series PCL6
joviano;28-09-06 14.04.16;Microsoft PowerPoint - Cap 7C;30;HP LaserJet 2300 Series PCL6
joviano;28-09-06 14.03.18;Microsoft PowerPoint - Cap 5C;41;HP LaserJet 2300 Series PCL6
joviano;28-09-06 14.01.26;Microsoft PowerPoint - Cap 2C;13;HP LaserJet 2300 Series PCL6
joviano;28-09-06 14.00.41;Microsoft PowerPoint - Cap 6C;13;HP LaserJet 2300 Series PCL6
joviano;28-09-06 14.00.01;Microsoft PowerPoint - Cap 3C;12;HP LaserJet 2300 Series PCL6
joviano;28-09-06 13.59.35;Microsoft Word - texto_weg.doc;2;HP LaserJet 2300 Series PCL6
sena;28-09-06 11.39.52;Microsoft Word - Documento1;2;HP LaserJet 2300 Series PCL6
victor;28-09-06 10.52.59;Microsoft Word - FAT_Leonardo.doc;1;HP LaserJet 2300 Series PCL6
moecke;28-09-06 10.40.54;http://www.inf.ufsc.br/~ronaldo/ine5323/3-algebra.pdf;9;HP LaserJet 2300 Series PCL6
helton;28-09-06 10.38.10;Microsoft Word - Cap_3AA.doc;6;HP LaserJet 2300 Series PCL6
rolf;28-09-06 09.54.58;Microsoft Word - Lista assinaturas Tecusdef 2006.2.doc;1;HP LaserJet 2300 Series PCL6
rolf;28-09-06 09.54.57;Microsoft Word - Lista assinaturas Tecusdef 2006.2.doc;1;HP LaserJet 2300 Series PCL6
rolf;28-09-06 09.50.18;Microsoft Word - Reuniões FABEXP_2006.2.doc;1;HP LaserJet 2300 Series PCL6
rolf;28-09-06 09.44.16;Microsoft Word - Lista assinaturas Fabexp 2006.2.doc;1;HP LaserJet 2300 Series PCL6
sena;28-09-06 08.10.35;Microsoft Word - Tabela Máquina.doc;1;HP LaserJet 2300 Series PCL6
sena;28-09-06 08.06.55;Microsoft Word - Tabela Máquina.doc;1;HP LaserJet 2300 Series PCL6
coelho;27-09-06 16.39.45;Microsoft Word - Tabela Máquina.doc;2;HP LaserJet 2300 Series PCL6
coelho;27-09-06 16.28.31;Microsoft Word - Tabela Máquina.doc;2;HP LaserJet 2300 Series PCL6
joviano;27-09-06 16.04.01;Fatigue analysis of crankshaft sections under bending with.pdf;19;HP LaserJet 2300 Series PCL6
moecke;27-09-06 15.51.10;Controle de Impressões;2;HP LaserJet 2300 Series PCL6
moecke;27-09-06 14.59.22;Microsoft Word - Missa da Renovação 1ª Eucaristia da Vila União - 2006 cantos.doc;1;hp deskjet 5550 series
moecke;27-09-06 14.57.28;Microsoft Word - Missa da Renovação 1ª Eucaristia da Vila União - 2006 cantos.doc;1;hp deskjet 5550 series
moecke;27-09-06 14.54.57;Microsoft Word - Missa da Renovação 1ª Eucaristia da Vila União - 2006 cantos.doc;1;hp deskjet 5550 series
moecke;27-09-06 14.51.54;Microsoft Word - Missa da Renovação 1ª Eucaristia da Vila União - 2006 cantos.doc;1;hp deskjet 5550 series
moecke;27-09-06 14.49.34;Microsoft Word - Missa da Renovação 1ª Eucaristia da Vila União - 2006 cantos.doc;1;hp deskjet 5550 series
moecke;27-09-06 14.47.34;Microsoft Word - Missa da Renovação 1ª Eucaristia da Vila União - 2006 cantos.doc;1;hp deskjet 5550 series
moecke;27-09-06 14.45.24;Microsoft Word - Missa da Renovação 1ª Eucaristia da Vila União - 2006 cantos.doc;1;hp deskjet 5550 series
moecke;27-09-06 14.43.37;Microsoft Word - Missa da Renovação 1ª Eucaristia da Vila União - 2006 cantos.doc;1;hp deskjet 5550 series
moecke;27-09-06 14.41.15;Microsoft Word - Missa da Renovação 1ª Eucaristia da Vila União - 2006 cantos.doc;1;hp deskjet 5550 series
moecke;27-09-06 14.39.00;Microsoft Word - Missa da Renovação 1ª Eucaristia da Vila União - 2006 cantos.doc;1;hp deskjet 5550 series
moecke;27-09-06 14.37.03;Microsoft Word - Missa da Renovação 1ª Eucaristia da Vila União - 2006 cantos.doc;1;hp deskjet 5550 series
moecke;27-09-06 14.34.46;Microsoft Word - Missa da Renovação 1ª Eucaristia da Vila União - 2006 cantos.doc;1;hp deskjet 5550 series
moecke;27-09-06 14.31.23;Microsoft Word - Missa da Renovação 1ª Eucaristia da Vila União - 2006 cantos.doc;1;hp deskjet 5550 series
moecke;27-09-06 14.29.19;Microsoft Word - Missa da Renovação 1ª Eucaristia da Vila União - 2006 cantos.doc;1;hp deskjet 5550 series
moecke;27-09-06 14.26.20;Microsoft Word - Missa da Renovação 1ª Eucaristia da Vila União - 2006 cantos.doc;1;hp deskjet 5550 series
moecke;27-09-06 14.23.13;Microsoft Word - Missa da Renovação 1ª Eucaristia da Vila União - 2006 cantos.doc;3;hp deskjet 5550 series
moecke;27-09-06 14.15.09;Microsoft Word - Missa da Renovação 1ª Eucaristia da Vila União - 2006 cantos.doc;1;hp deskjet 5550 series
mortari;27-09-06 14.15.08;Microsoft Word - justificativa_eleitoral_2006pb.doc;1;HP LaserJet 2300 Series PCL6
oliveira;27-09-06 10.24.09;Themen Neu 1 Arbeitsbuch (image) Hueber - Lektion 6.pdf;7;HP LaserJet 2300 Series PCL6
mauricio;26-09-06 17.48.46;Microsoft Word - Documento1;2;HP LaserJet 2300 Series PCL6
mauricio;26-09-06 17.48.18;Microsoft Word - Documento2;1;HP LaserJet 2300 Series PCL6
mauricio;26-09-06 17.36.47;http://wwmat.ptmat.fc.ul.pt/aninf/2004_1/calculo/notas/tab_prim#search=%22%22tabela%20de%20derivadas%22%22.pdf;1;HP LaserJet 2300 Series PCL6
mauricio;26-09-06 17.33.35;Microsoft Word - Documento1;2;HP LaserJet 2300 Series PCL6
helton;26-09-06 17.02.59;Microsoft Word - Estruturas das           informaes nas fontes.doc;19;HP LaserJet 2300 Series PCL6
helton;26-09-06 16.06.06;ASM Metals HandBook 16 - Machin.PDF;1;HP LaserJet 2300 Series PCL6
helton;26-09-06 15.58.04;ASM Metals HandBook 16 - Machin.PDF;97;HP LaserJet 2300 Series PCL6
sena;26-09-06 15.13.31;Microsoft Word - Solicitação prorrogacao de prazo.doc;1;HP LaserJet 2300 Series PCL6
sena;26-09-06 14.58.00;Microsoft Word - Solicitação prorrogacao de prazo.doc;1;HP LaserJet 2300 Series PCL6
sena;26-09-06 14.47.52;Microsoft Word - Solicitação prorrogacao de prazo.doc;1;HP LaserJet 2300 Series PCL6
sena;26-09-06 14.47.23;Microsoft Word - Solicitação prorrogacao de prazo.doc;2;HP LaserJet 2300 Series PCL6
mauricio;26-09-06 14.32.13;http://www.br.map24.com/source/print/v3.0.1/cnt_portal_print.ph;1;HP LaserJet 2300 Series PCL6
joviano;26-09-06 13.26.55;Microsoft Word - Currículo-Joviano.doc;2;HP LaserJet 2300 Series PCL6
paulo;26-09-06 10.33.51;Microsoft Word - NORMASREGULAMENTADORASNR1ANR10[2].doc;3;HP LaserJet 2300 Series PCL6
castillo;26-09-06 08.43.36;QUOTE3040_BRAZIL.PDF;7;HP LaserJet 2300 Series PCL6
sunada;25-09-06 18.47.16;Microsoft Word - Documento1;28;HP LaserJet 2300 Series PCL6
Felipe;25-09-06 18.40.48;Microsoft Word - Currículo_Engenheiro Mecânico - Felipe Macedo.doc;2;HP LaserJet 2300 Series PCL6
joviano;25-09-06 17.39.55;http://aspro01.npd.ufsc.br/cagr/cahi/historico2.asp;3;HP LaserJet 2300 Series PCL6
rolf;25-09-06 17.31.08;Lcgrtecus062.xls;1;HP LaserJet 2300 Series PCL6
sena;25-09-06 17.13.18;Microsoft Word - planejamento das aulas elementos.doc;3;HP LaserJet 2300 Series PCL6
sena;25-09-06 17.01.51;Microsoft Word - Planejamento Processos de Fabricação.doc;2;HP LaserJet 2300 Series PCL6
sena;25-09-06 16.54.05;Microsoft Word - posmec_regimento.rtf;15;HP LaserJet 2300 Series PCL6
sena;25-09-06 16.43.47;Microsoft Word - Solicitação prorrogacao de prazo.doc;1;HP LaserJet 2300 Series PCL6
sena;25-09-06 16.27.20;Microsoft Word - Solicitação prorrogacao de prazo.doc;1;HP LaserJet 2300 Series PCL6
pabloja;25-09-06 16.22.26;Microsoft Word - ANCORAS_ teste_pablo.doc;4;HP LaserJet 2300 Series PCL6
joviano;25-09-06 16.07.30;Microsoft Word - Relatório Hegenscheidt.doc;1;HP LaserJet 2300 Series PCL6
paulo;25-09-06 15.57.41;Microsoft Word - 46D3FF0B;9;HP LaserJet 2300 Series PCL6
sena;25-09-06 15.25.16;Microsoft Word - Solicitação de matrícula_sena.doc;1;HP LaserJet 2300 Series PCL6
rolf;25-09-06 14.56.33;Microsoft Word - Testecgr2062.doc;1;HP LaserJet 2300 Series PCL6
rolf;25-09-06 14.53.06;Microsoft Word - Testecgr2062.doc;1;HP LaserJet 2300 Series PCL6
coelho;25-09-06 14.05.37;requerimentodevisto-formularioe.PDF;5;HP LaserJet 2300 Series PCL6
victor;25-09-06 13.35.48;Microsoft Word - USICAV_Victor.doc;1;HP LaserJet 2300 Series PCL6
gustavo;25-09-06 13.19.05;Microsoft Word - Nakagawa_2006.2.doc;1;HP LaserJet 2300 Series PCL6
gustavo;25-09-06 13.17.51;Microsoft Word - Nakagawa_06-2.doc;1;HP LaserJet 2300 Series PCL6
pabloja;25-09-06 13.17.46;Microsoft Word - AncorasTeórico.doc;8;HP LaserJet 2300 Series PCL6
pabloja;25-09-06 11.16.34;Microsoft Word - USICAV_Pabloja.doc;1;HP LaserJet 2300 Series PCL6
pabloja;25-09-06 11.05.03;Microsoft Word - USICAV_Pabloja.doc;1;HP LaserJet 2300 Series PCL6
mauricio;25-09-06 11.00.59;Microsoft Word - Documento1;2;HP LaserJet 2300 Series PCL6
mauricio;25-09-06 11.00.55;Microsoft Word - Documento1;2;HP LaserJet 2300 Series PCL6
tajes;25-09-06 10.34.55;Microsoft Word - Horário Tajes_2006.2.doc;1;HP LaserJet 2300 Series PCL6
tajes;25-09-06 10.31.21;Microsoft Word - Horário Tajes_2006.2.doc;1;HP LaserJet 2300 Series PCL6
tognetta;25-09-06 10.28.28;Microsoft Word - USICAV_ Tognetta.doc;1;HP LaserJet 2300 Series PCL6
mauricio;25-09-06 10.27.10;Microsoft Word - Horário.doc;1;HP LaserJet 2300 Series PCL6
anacristina;25-09-06 10.17.17;Microsoft Word - cv_0607691332142819[1].rtf;56;HP LaserJet 2300 Series PCL6
guigo;24-09-06 17.53.15;ane tabelas 3.pdf;1;HP LaserJet 2300 Series PCL6
guigo;24-09-06 17.52.58;ane tabelas 3.pdf;1;HP LaserJet 2300 Series PCL6
victor;22-09-06 20.58.42;Microsoft Word - ajuste_excepcional_20031_MATR.doc;1;HP LaserJet 2300 Series PCL6
sunada;22-09-06 18.41.56;Microsoft Word - Documento1;1;HP LaserJet 2300 Series PCL6
coelho;22-09-06 14.50.49;RegistrationformRWTHerequerimentodevistopreenchidos-LuizAlcides.pdf;1;HP LaserJet 2300 Series PCL6
coelho;22-09-06 14.36.59;RegistrationformRWTHerequerimentodevistopreenchidos-LuizAlcides.pdf;5;HP LaserJet 2300 Series PCL6
domitila;22-09-06 14.15.25;https://www.lmp.ufsc.br/webmail.PDF;5;HP LaserJet 2300 Series PCL6
domitila;22-09-06 14.14.20;requerimentodevisto-formularioembranco[1].pdf;5;HP LaserJet 2300 Series PCL6
suguino;22-09-06 11.20.45;Microsoft Word - Termo_de_Compromisso01.rtf;2;HP LaserJet 2300 Series PCL6
suguino;22-09-06 10.53.43;Microsoft Word - PAE.rtf;1;HP LaserJet 2300 Series PCL6
moecke;22-09-06 10.37.50;imagem;1;HP LaserJet 2300 Series PCL6
moecke;22-09-06 10.35.05;imagem;2;HP LaserJet 2300 Series PCL6
moecke;21-09-06 18.49.47;Microsoft Word - CASOS_DE_USO.doc;1;HP LaserJet 2300 Series PCL6
pabloja;21-09-06 16.37.56;Yahoo! Mail - pablo_junges@yahoo.com.br;3;HP LaserJet 2300 Series PCL6
pabloja;21-09-06 16.35.28;http://br.f337.mail.yahoo.com/ym/ShowLetter?MsgId=7152_3860712_;1;HP LaserJet 2300 Series PCL6
mendonca;21-09-06 16.18.38;Microsoft Word - USICAV_ Ademir.doc;1;HP LaserJet 2300 Series PCL6
mendonca;21-09-06 16.17.47;Microsoft Word - USICAV_ Ademir.doc;1;HP LaserJet 2300 Series PCL6
andrea;21-09-06 15.29.50;http://aspro01.npd.ufsc.br/cagr/camt/atestadoMatricula2.asp;1;HP LaserJet 2300 Series PCL6
mendonca;21-09-06 15.18.35;Microsoft Word - Horário Mendonca 06-2.doc;1;HP LaserJet 2300 Series PCL6
sena;21-09-06 15.14.42;Microsoft Word - Documento1;2;HP LaserJet 2300 Series PCL6
rolf;21-09-06 14.34.59;Microsoft Word - decl_idiomas_rolf.doc;1;HP LaserJet 2300 Series PCL6
mendonca;21-09-06 14.31.17;Microsoft Word - Horário Mendonca 06-2.doc;1;HP LaserJet 2300 Series PCL6
moecke;21-09-06 13.40.58;Microsoft Word - CASOS_DE_USO.doc;2;HP LaserJet 2300 Series PCL6
suguino;21-09-06 10.13.33;Microsoft Word - PAE.rtf;1;HP LaserJet 2300 Series PCL6
suguino;21-09-06 09.55.00;Microsoft Word - PAE.rtf;1;HP LaserJet 2300 Series PCL6
suguino;21-09-06 09.50.06;Microsoft Word - Termo_de_Compromisso01.rtf;2;HP LaserJet 2300 Series PCL6
helton;21-09-06 09.19.58;Microsoft Word - FLUXOGRAMA E      OBSREVAES.doc;1;HP LaserJet 2300 Series PCL6
helton;21-09-06 09.18.06;Microsoft Word - Falhas no Estado da Arte.doc;1;HP LaserJet 2300 Series PCL6
rolf;21-09-06 09.15.08;Microsoft Word - Def_Estreito.doc;2;HP LaserJet 2300 Series PCL6
moecke;21-09-06 07.50.51;Remote Downlevel Document;0;HP LaserJet 2300 Series PCL6
eriberto;20-09-06 18.00.24;https://www.lmp.ufsc.br/webmail/src/printer_friendly_bottom.php;1;HP LaserJet 2300 Series PCL6
coelho;20-09-06 16.49.26;Microsoft Word - Documento em Microsoft Internet Explorer;1;HP LaserJet 2300 Series PCL6
coelho;20-09-06 16.48.48;Microsoft Word - Documento em Microsoft Internet Explorer;1;HP LaserJet 2300 Series PCL6
victor;20-09-06 16.39.30;Microsoft Word - ajuste_excepcional_20031_MATR.doc;1;HP LaserJet 2300 Series PCL6
victor;20-09-06 16.39.16;Microsoft Word - ajuste_excepcional_20031_CANC.doc;1;HP LaserJet 2300 Series PCL6
victor;20-09-06 16.39.07;Microsoft Word - ajuste_excepcional_20031_CANC.doc;1;HP LaserJet 2300 Series PCL6
ademir;20-09-06 16.37.36;Microsoft Word - posmec_requerimento_de_matricula.doc;1;HP LaserJet 2300 Series PCL6
ademir;20-09-06 16.32.28;Microsoft Word - posmec_inscricao_aluno_especial.doc;2;HP LaserJet 2300 Series PCL6
picoloto;20-09-06 16.19.57;Microsoft Word - Rafael.doc;1;HP LaserJet 2300 Series PCL6
sunada;20-09-06 15.06.07;Microsoft Word - tese.doc;12;HP LaserJet 2300 Series PCL6
sunada;20-09-06 15.04.46;Microsoft Word - Dissertacao_marco_423-lmpFINAL_mms.doc;8;HP LaserJet 2300 Series PCL6
pabloja;20-09-06 14.06.21;NPD/UFSC - Sistema Acadêmico da Graduação;1;HP LaserJet 2300 Series PCL6
moecke;20-09-06 12.29.23;http://www.lisha.ufsc.br/~guto/teaching/sys/cop.pdf;6;HP LaserJet 2300 Series PCL6
moecke;20-09-06 12.26.49;http://www.inf.ufsc.br/~santos/ine5366/slides/lecture05-procedures.pdf;7;HP LaserJet 2300 Series PCL6
moecke;20-09-06 12.26.04;http://www.inf.ufsc.br/~santos/ine5366/slides/lecture04-branches.pdf;5;HP LaserJet 2300 Series PCL6
moecke;20-09-06 12.25.38;http://www.inf.ufsc.br/~santos/ine5366/slides/lecture03-operations.pdf;7;HP LaserJet 2300 Series PCL6
helton;19-09-06 15.36.53;Esquema_das_variveis_formulas_tempos_custos_observacoes_final Quadrada 2.xls;4;hp deskjet 5550 series
helton;19-09-06 15.17.02;Esquema_das_variveis_formulas_tempos_custos_observacoes_final Quadrada 2.xls;4;hp deskjet 5550 series
helton;19-09-06 14.19.00;Esquema_das_variveis_formulas_tempos_custos_observacoes_final Quadrada.xls;1;hp deskjet 5550 series
helton;19-09-06 14.17.53;Esquema_das_variveis_formulas_tempos_custos_observacoes_final Quadrada.xls;1;hp deskjet 5550 series
helton;19-09-06 14.16.20;Esquema_das_variveis_formulas_tempos_custos_observacoes_final Quadrada.xls;1;hp deskjet 5550 series
helton;19-09-06 14.15.08;Esquema_das_variveis_formulas_tempos_custos_observacoes_final Quadrada.xls;1;hp deskjet 5550 series
helton;19-09-06 14.09.57;Esquema_das_variveis_formulas_tempos_custos_observacoes_final Quadrada.xls;1;hp deskjet 5550 series
eriberto;19-09-06 13.47.30;Currculo EEL - Fluxograma - Previso.xls;1;hp deskjet 5550 series
mauricio;19-09-06 13.17.25;Microsoft Word - PLANO_ENSINO_INE5108_T0440_2006_2[1].DOC;1;hp deskjet 5550 series
mauricio;19-09-06 13.10.47;Microsoft Word - PLANO_ENSINO_INE5108_T0440_2006_2[1].DOC;1;HP LaserJet 2300 Series PCL6
mauricio;19-09-06 13.02.26;Microsoft Word - PLANO_ENSINO_INE5108_T0440_2006_2[1].DOC;1;HP LaserJet 2300 Series PCL6
diego;19-09-06 12.25.53;Microsoft Word - GradeHorários2006-2[3].doc;1;HP LaserJet 2300 Series PCL6
helton;19-09-06 12.13.31;Esquema_das_variveis_formulas_tempos_custos_observacoes_final Quadrada.xls;4;hp deskjet 5550 series
castillo;19-09-06 11.42.55;http://www.guiamais.com.br/ruas/;1;HP LaserJet 2300 Series PCL6
joviano;19-09-06 11.27.30;Microsoft Word - What_is_your_weakness[1].doc;1;HP LaserJet 2300 Series PCL6
mauricio;19-09-06 10.19.12;Microsoft Word - Horário.doc;1;HP LaserJet 2300 Series PCL6
mauricio;19-09-06 10.15.26;Microsoft Word - Horário.doc;1;HP LaserJet 2300 Series PCL6
mauricio;19-09-06 10.10.10;Microsoft Word - Horário.doc;1;HP LaserJet 2300 Series PCL6
diego;19-09-06 10.09.09;Microsoft Word - GradeHorários2006-2[2].doc;1;HP LaserJet 2300 Series PCL6
diego;19-09-06 10.08.38;Microsoft Word - GradeHorários2006-2[2].doc;1;HP LaserJet 2300 Series PCL6
eriberto;18-09-06 18.48.59;http://aspro01.npd.ufsc.br/cagr/camt/atestadoMatricula2.asp;1;HP LaserJet 2300 Series PCL6
eriberto;18-09-06 18.44.12;http://aspro03.npd.ufsc.br/grade/index.jsp?matricula=01241419&s;1;HP LaserJet 2300 Series PCL6
sunada;18-09-06 18.24.47;Microsoft Word - SISMEC_ Suguino.doc;1;HP LaserJet 2300 Series PCL6
rolf;18-09-06 16.33.45;Microsoft Word - Lista assinaturas Fabexp 2006.2.doc;1;HP LaserJet 2300 Series PCL6
helton;18-09-06 13.47.17;Esquema_das_variveis_formulas tempos custos observacoes_final.xls;9;hp deskjet 5550 series
helton;18-09-06 13.38.12;Esquema_das_variveis_formulas tempos custos observacoes_final.xls;1;hp deskjet 5550 series
helton;18-09-06 13.36.24;Esquema_das_variveis_formulas tempos custos observacoes_final.xls;1;hp deskjet 5550 series
victor;18-09-06 13.35.56;http://aspro03.npd.ufsc.br/grade/index.jsp?matricula=03139077&s;1;HP LaserJet 2300 Series PCL6
helton;18-09-06 13.34.38;Esquema_das_variveis_formulas tempos custos observacoes_final.xls;1;hp deskjet 5550 series
helton;18-09-06 13.31.37;Esquema_das_variveis_formulas tempos custos observacoes_final.xls;1;HP LaserJet 2300 Series PCL6
helton;18-09-06 13.28.29;Esquema_das_variveis_formulas tempos custos observacoes_final.xls;1;HP LaserJet 2300 Series PCL6
sena;18-09-06 10.50.05;Microsoft PowerPoint - relatório ZEMA;2;HP LaserJet 2300 Series PCL6
sena;18-09-06 10.48.32;Microsoft Word - OSAT6625[1].doc;1;HP LaserJet 2300 Series PCL6
annepriscila;18-09-06 10.46.52;Microsoft Word - Documento1;1;HP LaserJet 2300 Series PCL6
gustavo;18-09-06 10.36.40;Microsoft Word - Nakagawa_06-2.doc;1;HP LaserJet 2300 Series PCL6
gustavo;18-09-06 10.28.59;http://aspro03.npd.ufsc.br/grade/index.jsp?matricula=03139204&s;1;HP LaserJet 2300 Series PCL6
castillo;18-09-06 10.04.33;Microsoft Word - posmec_requerimento_de_matricula.doc;1;HP LaserJet 2300 Series PCL6
castillo;18-09-06 10.03.34;Microsoft Word - posmec_inscricao_aluno_especial.doc;2;HP LaserJet 2300 Series PCL6
rolf;18-09-06 09.54.38;Microsoft Word - Lista assinaturas Tecusdef 2006.2.doc;1;HP LaserJet 2300 Series PCL6
rolf;18-09-06 09.54.28;Microsoft Word - Lista assinaturas Tecusdef 2006.2.doc;1;HP LaserJet 2300 Series PCL6
rolf;18-09-06 09.46.47;Microsoft Word - Testecgr1062.doc;1;HP LaserJet 2300 Series PCL6
rolf;18-09-06 09.41.38;Microsoft Word - Testecgr1062.doc;1;HP LaserJet 2300 Series PCL6
rolf;18-09-06 09.30.58;Microsoft Word - Propfabexp_2006.2.doc;5;HP LaserJet 2300 Series PCL6
rolf;18-09-06 09.30.32;Microsoft Word - Avfabexp_2006.2.doc;1;HP LaserJet 2300 Series PCL6
rolf;18-09-06 09.27.12;Microsoft Word - Ementa_emc5605_2006.2.doc;2;HP LaserJet 2300 Series PCL6
rolf;18-09-06 09.26.46;Microsoft Word - Avfabexp_2006.2.doc;1;HP LaserJet 2300 Series PCL6
rolf;18-09-06 09.26.43;Microsoft Word - Propfabexp_2006.2.doc;5;HP LaserJet 2300 Series PCL6
victor;17-09-06 18.50.09;Microsoft Word - Cópia 1 de Dissertao_Helton_170906;74;HP LaserJet 2300 Series PCL6
helton;17-09-06 14.21.55;Microsoft Word - Cap 4AA.doc;18;HP LaserJet 2300 Series PCL6
helton;17-09-06 14.21.11;Microsoft Word - Cap 3AA.doc;16;HP LaserJet 2300 Series PCL6
helton;17-09-06 14.17.18;Microsoft Word - Dissertao_Helton_170906.doc;49;HP LaserJet 2300 Series PCL6
guigo;17-09-06 11.25.56;URP_recursoadministrativo.pdf;22;HP LaserJet 2300 Series PCL6
sunada;15-09-06 17.32.45;Medicinal - Temas em Saúde;2;HP LaserJet 2300 Series PCL6
sunada;15-09-06 17.25.15;HPV - Saude na Internet;2;HP LaserJet 2300 Series PCL6
sunada;15-09-06 17.19.18;Prevenção de Câncer - HPV;6;HP LaserJet 2300 Series PCL6
coelho;15-09-06 15.51.35;http://www2.tre-df.gov.br/servlet/emitircertidao;1;HP LaserJet 2300 Series PCL6
anacristina;15-09-06 15.29.49;http://notes.ufsc.br/aplic/curG.PDF;7;HP LaserJet 2300 Series PCL6
mauricio;15-09-06 15.26.45;Microsoft Word - Horário.doc;1;HP LaserJet 2300 Series PCL6
mauricio;15-09-06 15.25.06;http://aspro01.npd.ufsc.br/cagr/camt/atestadoMatricula2.asp;1;HP LaserJet 2300 Series PCL6
andrea;15-09-06 14.33.28;http://aspro01.npd.ufsc.br/cagr/camt/atestadoMatricula2.asp;2;HP LaserJet 2300 Series PCL6
paulo;15-09-06 14.16.55;Microsoft Word - Inspeção na Autoclave de São Fco do Sul.doc;5;HP LaserJet 2300 Series PCL6
moecke;15-09-06 13.51.41;NPD/UFSC - Sistema Acadêmico da Graduação;1;HP LaserJet 2300 Series PCL6
moecke;15-09-06 13.45.51;VENDO.pdf;4;HP LaserJet 2300 Series PCL6
moecke;15-09-06 13.44.08;VENDO.pdf;4;HP LaserJet 2300 Series PCL6
paravizi;15-09-06 10.09.14;Microsoft Word - Horário_Paravizi 2006-2.doc;1;HP LaserJet 2300 Series PCL6
gustavo;15-09-06 10.09.12;Microsoft Word - Relatrio CNPq _Bruno_rascunho_NAKA2.doc;14;HP LaserJet 2300 Series PCL6
gustavo;15-09-06 09.56.19;Microsoft Word - Carta substituição de bolsa Bruno_Naka.doc;1;HP LaserJet 2300 Series PCL6
gustavo;15-09-06 09.55.07;Microsoft Word - Carta substituição de bolsa Bruno_Naka.doc;1;HP LaserJet 2300 Series PCL6
moecke;15-09-06 09.41.36;http://cristian.totalsecurity.com.br/images/stories/CALENDARIO_UFSC_200602.pdf;1;HP LaserJet 2300 Series PCL6
moecke;15-09-06 09.40.35;http://cristian.totalsecurity.com.br/images/stories/CALENDARIO_UFSC_200602.pdf;1;HP LaserJet 2300 Series PCL6
moecke;15-09-06 09.27.07;Microsoft Word - CALENDÁRIO200602.doc;1;HP LaserJet 2300 Series PCL6
moecke;15-09-06 09.13.22;Microsoft Word - CALENDÁRIO200602.doc;1;HP LaserJet 2300 Series PCL6
ademir;14-09-06 18.15.19;http://aspro01.npd.ufsc.br/cagr/camt/atestadoMatricula2.asp;1;HP LaserJet 2300 Series PCL6
sunada;14-09-06 18.07.14;Microsoft Word - 2 semestre 2006.doc;1;hp deskjet 5550 series
sunada;14-09-06 18.03.23;Microsoft Word - 2 semestre 2006.doc;1;hp deskjet 5550 series
sunada;14-09-06 18.02.26;Test Page;1;hp deskjet 5550 series
sunada;14-09-06 17.56.07;Microsoft Word - Documento1;1;HP LaserJet 2300 Series PCL6
sena;14-09-06 17.20.12;Microsoft Word - Documento1;1;HP LaserJet 2300 Series PCL6
pabloja;14-09-06 16.42.43;Pasta1;1;HP LaserJet 2300 Series PCL6
sunada;14-09-06 14.08.36;Microsoft Word - RAUL_BRASIL.doc;1;HP LaserJet 2300 Series PCL6
sunada;14-09-06 14.07.16;Microsoft Word - RAUL_BRASIL.doc;1;HP LaserJet 2300 Series PCL6
moecke;14-09-06 12.34.35;http://www.inf.ufsc.br/~ronaldo/ine5323/2-modeloRelacional.pdf;7;HP LaserJet 2300 Series PCL6
moecke;14-09-06 12.34.13;http://www.inf.ufsc.br/~ronaldo/ine5323/1-BDeSGBD.pdf;11;HP LaserJet 2300 Series PCL6
moecke;14-09-06 12.32.55;http://www.inf.ufsc.br/~ronaldo/ine5323/cronogramaAulas.pdf;1;HP LaserJet 2300 Series PCL6
moecke;14-09-06 12.32.43;http://www.inf.ufsc.br/~ronaldo/ine5323/programa.pdf;1;HP LaserJet 2300 Series PCL6
sunada;14-09-06 12.11.49;http://www.ipog.com.br/hpv.htm;17;HP LaserJet 2300 Series PCL6
gustavo;14-09-06 11.01.03;Microsoft Word - 39-Pedido de Matricula.doc;1;HP LaserJet 2300 Series PCL6
moecke;14-09-06 09.36.12;http://www.inf.ufsc.br/~santos/ine5366/slides/lecture02-abstractions.pdf;7;HP LaserJet 2300 Series PCL6
moecke;14-09-06 08.50.04;plano_ensino.PDF;2;HP LaserJet 2300 Series PCL6
sena;14-09-06 08.32.14;Microsoft Word - Cronograma integrado.doc;2;HP LaserJet 2300 Series PCL6
sunada;13-09-06 20.04.41;DVDlmp01.cdr;1;HP LaserJet 2300 Series PCL6
sunada;13-09-06 19.07.56;DVDlmp01.cdr;1;HP LaserJet 2300 Series PCL6
sunada;13-09-06 18.14.43;DVDlmp01.cdr;1;HP LaserJet 2300 Series PCL6
gustavo;13-09-06 17.06.32;Microsoft Word - Formulário Bolsa VA_Bolsa Naka.doc;2;HP LaserJet 2300 Series PCL6
sunada;13-09-06 17.00.06;cdlmp01.cdr;1;HP LaserJet 2300 Series PCL6
andrea;13-09-06 16.01.08;http://www.coladaweb.com/resumos/doisirmaos.htm;1;HP LaserJet 2300 Series PCL6
andrea;13-09-06 16.00.54;http://www.coladaweb.com/resumos/casmurro.htm;1;HP LaserJet 2300 Series PCL6
andrea;13-09-06 15.54.53;https://php.coperve.ufsc.br/vestibular2007/inscricao/boleto.php;1;HP LaserJet 2300 Series PCL6
andrea;13-09-06 15.54.45;https://php.coperve.ufsc.br/vestibular2007/inscricao/requerimen;1;HP LaserJet 2300 Series PCL6
sena;13-09-06 14.54.09;9645A - UFSC.pdf;1;HP LaserJet 2300 Series PCL6
castillo;13-09-06 14.51.47;5049-C-Impact-Hammer.pdf;1;HP LaserJet 2300 Series PCL6
gustavo;13-09-06 11.35.42;Microsoft Word - Formulário Bolsa VA_Bolsa Naka.doc;2;HP LaserJet 2300 Series PCL6
gustavo;13-09-06 11.35.34;Microsoft Word - Declaração de não utilização para fins administrativos_Naka.doc;1;HP LaserJet 2300 Series PCL6
gustavo;13-09-06 11.35.25;Microsoft Word - Declaração de início de atividades_Naka.doc;1;HP LaserJet 2300 Series PCL6
gustavo;13-09-06 11.35.09;Microsoft Word - Declaração de ausência de vínculo empregatício VA_Naka.doc;1;HP LaserJet 2300 Series PCL6
gustavo;13-09-06 10.19.53;UFSC/NPD - Histórico escolar de graduação;2;HP LaserJet 2300 Series PCL6
gustavo;13-09-06 10.19.08;UFSC/NPD - Atestado de Matrícula;1;HP LaserJet 2300 Series PCL6
tajes;12-09-06 17.39.19;Microsoft Word - Propfabexp_2006.2.doc;5;Acrobat Distiller
tajes;12-09-06 17.38.02;Microsoft Word - Ementa_emc5605_2006.2.doc;2;Acrobat Distiller
tajes;12-09-06 17.36.43;Microsoft Word - Descrlmp_2006.2.doc;2;Acrobat Distiller
tajes;12-09-06 17.35.13;Microsoft Word - Cronfabexp_2006.2.doc;1;Acrobat Distiller
tajes;12-09-06 17.34.10;Microsoft Word - Avfabexp_2006.2.doc;1;Acrobat Distiller
sunada;12-09-06 17.26.41;Microsoft Word - paper_diname2007_10072006.doc;8;Acrobat Distiller
mortari;12-09-06 17.00.21;Microsoft Word - Horário Monitoria.doc;1;HP LaserJet 2300 Series PCL6
sunada;12-09-06 16.49.01;Print scan.jpg (1 page);1;HP LaserJet 2300 Series PCL6
sunada;12-09-06 16.45.15;Print Nota Fiscal - Torno - 5935.jpg (1 page);1;HP LaserJet 2300 Series PCL6
sunada;12-09-06 16.44.53;Print Nota Fiscal Torno.jpg (1 page);1;HP LaserJet 2300 Series PCL6
paravizi;12-09-06 16.42.57;http://aspro01.npd.ufsc.br/cagr/camt/atestadoMatricula2.asp;1;HP LaserJet 2300 Series PCL6
ademir;12-09-06 14.44.18;Microsoft Word - USICAV_ Ademir.doc;1;HP LaserJet 2300 Series PCL6
joviano;12-09-06 14.38.14;038105101G.tif.pdf;1;HP LaserJet 2300 Series PCL6
rolf;12-09-06 13.43.37;Microsoft Word - Reuniao-setembro-2006.doc;3;HP LaserJet 2300 Series PCL6
pabloja;12-09-06 13.43.23;DAI - Declaração Anual de Isento 2006;1;Acrobat Distiller
coelho;12-09-06 13.31.38;Cartorio - Bloco de notas;1;HP LaserJet 2300 Series PCL6
pabloja;12-09-06 13.29.08;DAI - Declaração Anual de Isento 2006;1;Acrobat Distiller
coelho;12-09-06 13.13.41;Passaporte.pdf;1;HP LaserJet 2300 Series PCL6
coelho;12-09-06 13.12.05;Página de teste;1;HP LaserJet 2300 Series PCL6
coelho;12-09-06 13.10.41;C:\DOCUME~1\coelho\CONFIG~1\Temp\plugtmp\snpform.do.pdf;1;HP LaserJet 2300 Series PCL6
sunada;12-09-06 13.10.13;Test Page;1;HP LaserJet 2300 Series PCL6
coelho;12-09-06 13.08.10;Microsoft Word - Ttigkeitsbeschreibungen brasilianische Hiwis 2006.doc;1;HP LaserJet 2300 Series PCL6
coelho;12-09-06 13.07.09;C:\DOCUME~1\coelho\CONFIG~1\Temp\plugtmp\snpform.do.pdf;1;HP LaserJet 2300 Series PCL6
coelho;12-09-06 13.03.19;C:\DOCUME~1\coelho\CONFIG~1\Temp\plugtmp\snpform.do.pdf;1;HP LaserJet 2300 Series PCL6
wagner;12-09-06 09.23.57;Conta de Prestação de Serviços;1;HP LaserJet 2300 Series PCL6
wagner;12-09-06 09.20.18;Microsoft Word - PROCEDIMENTOS BÁSICOS PARA LIGAÇÃO DA PLACA DAQ.doc;2;HP LaserJet 2300 Series PCL6
castillo;11-09-06 17.42.56;http://www.guiamais.com.br/streetguide-printMap.do?mapParams=%2;2;HP LaserJet 2300 Series PCL6
castillo;11-09-06 17.35.48;http://www.guiamais.com.br/streetguide-printMap.do?mapParams=%2;2;HP LaserJet 2300 Series PCL6
castillo;11-09-06 17.35.31;http://www.guiamais.com.br/streetguide-printMap.do?mapParams=%2;2;HP LaserJet 2300 Series PCL6
andrea;11-09-06 17.27.14;http://www.ufsc.br/~esilva/imagpag/BoiAgeral.jpg;1;HP LaserJet 2300 Series PCL6
suguino;11-09-06 15.45.40;Microsoft Word - Projeto_Suguino_pibic_2006_final.doc;10;HP LaserJet 2300 Series PCL6
victor;11-09-06 14.54.22;Microsoft Word - ajuste_excepcional_20031_MATR.doc;1;HP LaserJet 2300 Series PCL6
pabloja;11-09-06 14.25.09;Microsoft Word - Documento em Microsoft Internet Explorer;1;HP LaserJet 2300 Series PCL6
coelho;11-09-06 13.02.54;https://www2.dpf.gov.br/gru/gru;1;HP LaserJet 2300 Series PCL6
helton;11-09-06 11.13.06;aff_Matrix.pdf;1;HP LaserJet 2300 Series PCL6
helton;11-09-06 11.12.47;Microsoft Word - Tcontrad montada1.doc;2;HP LaserJet 2300 Series PCL6
helton;11-09-06 11.10.08;aff_Matrix.pdf;1;HP LaserJet 2300 Series PCL6
helton;11-09-06 11.05.33;Esquema das variveis_Redesenhada grupos fórmulasOoooK.xls;1;HP LaserJet 2300 Series PCL6
annepriscila;11-09-06 10.50.44;http://aspro03.npd.ufsc.br/grade/index.jsp?matricula=03139204&s;1;HP LaserJet 2300 Series PCL6
annepriscila;11-09-06 10.50.19;http://aspro03.npd.ufsc.br/grade/index.jsp?matricula=03139344&s;1;HP LaserJet 2300 Series PCL6
pabloja;11-09-06 10.49.45;NPD/UFSC - Sistema Acadêmico da Graduação;1;HP LaserJet 2300 Series PCL6
helton;11-09-06 10.36.12;Microsoft Word - Dissertação Helton_030906AAA.doc;15;HP LaserJet 2300 Series PCL6
helton;11-09-06 10.33.13;Microsoft Word - Dissertação Helton_030906AAA.doc;1;HP LaserJet 2300 Series PCL6
helton;11-09-06 10.27.38;Microsoft Word - Dissertação_funcionamento.doc;8;HP LaserJet 2300 Series PCL6
sena;11-09-06 10.25.19;Microsoft Word - Documento1;3;HP LaserJet 2300 Series PCL6
sena;11-09-06 10.24.36;Microsoft Word - Documento1;3;HP LaserJet 2300 Series PCL6
helton;11-09-06 10.24.17;Microsoft Word - Situação_necessidade_ 040906A.doc;3;HP LaserJet 2300 Series PCL6
rolf;11-09-06 10.23.00;Microsoft Word - Progdetfab_2006.2.doc;2;HP LaserJet 2300 Series PCL6
rolf;11-09-06 10.22.02;Microsoft Word - Planejamento aulas 2006.2_gr.doc;1;HP LaserJet 2300 Series PCL6
helton;11-09-06 10.19.16;Microsoft Word - Cap 4AA.doc;1;HP LaserJet 2300 Series PCL6
rolf;11-09-06 10.14.03;Lcgrtecus062.xls;1;HP LaserJet 2300 Series PCL6
helton;11-09-06 10.14.02;Microsoft Word - Cap 3AA.doc;9;HP LaserJet 2300 Series PCL6
rolf;11-09-06 10.12.52;Microsoft Word - Lista assinaturas Tecusdef 2006.2.doc;1;HP LaserJet 2300 Series PCL6
rolf;11-09-06 10.11.46;Lcgrfabexp062.xls;1;HP LaserJet 2300 Series PCL6
rolf;11-09-06 10.11.22;Microsoft Word - Lista assinaturas Fabexp 2006.2.doc;1;HP LaserJet 2300 Series PCL6
helton;11-09-06 10.06.36;Microsoft Word - Resumo_para_POSMEC híbrido.doc;1;HP LaserJet 2300 Series PCL6
helton;11-09-06 10.06.00;Microsoft Word - Resumo_para_POSMEC híbrido.doc;1;HP LaserJet 2300 Series PCL6
mendonca;11-09-06 09.43.24;http://aspro01.npd.ufsc.br/cagr/camt/espelhomatricula2.asp;1;HP LaserJet 2300 Series PCL6
oliveira;11-09-06 09.37.02;Microsoft Word - Leonardo_Alves-06-2.doc;1;HP LaserJet 2300 Series PCL6
oliveira;11-09-06 09.32.03;Microsoft Word - Leonardo_Alves-06-2.doc;1;HP LaserJet 2300 Series PCL6
helton;11-09-06 09.29.44;Microsoft Word - Resumo_para_POSMEC1AHelton.doc;1;HP LaserJet 2300 Series PCL6
helton;11-09-06 09.27.27;Microsoft Word - Resumo para POSMEC11092006.doc;1;HP LaserJet 2300 Series PCL6
oliveira;11-09-06 09.13.59;http://aspro03.npd.ufsc.br/grade/index.jsp?matricula=04139291&s;1;HP LaserJet 2300 Series PCL6
anacristina;11-09-06 09.02.09;http://aspro01.npd.ufsc.br/cagr/camt/frequencia3.asp;1;HP LaserJet 2300 Series PCL6
anacristina;11-09-06 09.02.08;http://aspro01.npd.ufsc.br/cagr/camt/frequencia3.asp;1;HP LaserJet 2300 Series PCL6
anacristina;11-09-06 09.02.07;http://aspro01.npd.ufsc.br/cagr/camt/frequencia3.asp;1;HP LaserJet 2300 Series PCL6
rolf;11-09-06 08.53.32;Microsoft Word - Ementa_emc5275_2006.2.doc;2;HP LaserJet 2300 Series PCL6
rolf;11-09-06 08.50.43;Microsoft Word - Avfabexp_2006.2.doc;1;HP LaserJet 2300 Series PCL6
rolf;11-09-06 08.49.20;Microsoft Word - Ementa_emc5605_2006.2.doc;2;HP LaserJet 2300 Series PCL6
rolf;11-09-06 08.47.07;Microsoft Word - Propfabexp_2006.2.doc;5;HP LaserJet 2300 Series PCL6
sunada;06-09-06 16.16.06;Microsoft Word - carta para enviar com o fax.doc;1;HP LaserJet 2300 Series PCL6
sunada;06-09-06 16.12.20;Microsoft Word - carta para enviar com o fax.doc;1;HP LaserJet 2300 Series PCL6
sunada;06-09-06 15.18.18;Microsoft Word - Formulário_Bolsa Marcelo Sunada.doc;2;HP LaserJet 2300 Series PCL6
coelho;06-09-06 11.44.42;Microsoft Word - ajuste_excepcional_20031_MATR.doc;1;HP LaserJet 2300 Series PCL6
mendonca;06-09-06 09.11.23;Impressão de foto de página inteira;1;HP LaserJet 2300 Series PCL6
mendonca;06-09-06 09.10.48;Impressão de foto de página inteira;1;HP LaserJet 2300 Series PCL6
pabloja;05-09-06 15.34.34;Microsoft Word - Análise por elementos finitos tensões térmicas durante o processo de furação de perfis finos.doc;2;HP LaserJet 2300 Series PCL6
mendonca;05-09-06 12.03.36;Impressão de foto de página inteira;1;HP LaserJet 2300 Series PCL6
moecke;05-09-06 11.17.23;Remote Downlevel Document;0;HP LaserJet 2300 Series PCL6
mendonca;31-10-06 15.16.55;parte_externa_A3 - Sheet1;1;HP LaserJet 2300 Series PCL6
mendonca;31-10-06 15.12.25;parte_externa_A3 - Sheet1;1;HP LaserJet 2300 Series PCL6
helton;31-10-06 11.49.42;Microsoft Word - vaga para bolsista.doc;1;HP LaserJet 2300 Series PCL6
helton;31-10-06 11.49.31;Microsoft Word - vaga para bolsista.doc;1;HP LaserJet 2300 Series PCL6
eriberto;31-10-06 11.33.35;01London Tube Map.pdf;1;HP LaserJet 2300 Series PCL6
a.carlos;31-10-06 11.05.21;csf-csg.pdf;3;HP LaserJet 2300 Series PCL6
a.carlos;31-10-06 11.02.46;csf-csg.pdf;1;HP LaserJet 2300 Series PCL6
helton;30-10-06 18.42.28;Microsoft Word - Escritura Pública de Cessão de Direitos Hereditários.doc;1;HP LaserJet 2300 Series PCL6
castillo;30-10-06 17.56.43;Microsoft Word - SIMUS_Ono.doc;1;HP LaserJet 2300 Series PCL6
castillo;30-10-06 17.56.41;Microsoft Word - SIMUS_Ono.doc;1;HP LaserJet 2300 Series PCL6
rolf;30-10-06 16.03.05;Microsoft Word - Testecgr7062.doc;1;HP LaserJet 2300 Series PCL6
moecke;30-10-06 12.57.40;Remote Downlevel Document;0;HP LaserJet 2300 Series PCL6
moecke;30-10-06 12.57.29;Remote Downlevel Document;0;HP LaserJet 2300 Series PCL6
moecke;30-10-06 12.46.22;Tutorial LISP - Title;10;HP LaserJet 2300 Series PCL6
paravizi;30-10-06 12.24.41;Inverse Heat Transfer Analysis .PDF;2;HP LaserJet 2300 Series PCL6
paravizi;30-10-06 12.22.29;Inverse Heat Transfer Analysis .PDF;6;HP LaserJet 2300 Series PCL6
mendonca;27-10-06 18.44.28;Microsoft Word - geraçao-semvínculos-FINAL.doc;1;HP LaserJet 2300 Series PCL6
mendonca;27-10-06 18.43.26;Microsoft Word - geraçao-semvínculos-FINAL.doc;1;HP LaserJet 2300 Series PCL6
sunada;27-10-06 16.25.44;Microsoft Word - stick-slip.doc;13;HP LaserJet 2300 Series PCL6
paravizi;27-10-06 16.12.58;Microsoft Word - Tabela Máquina.doc;1;HP LaserJet 2300 Series PCL6
ademir;27-10-06 13.29.49;http://aspro01.npd.ufsc.br/cagr/camt/atestadoMatricula2.asp;1;HP LaserJet 2300 Series PCL6
gustavo;27-10-06 11.48.13;Microsoft Word - Documento1;1;HP LaserJet 2300 Series PCL6
pabloja;27-10-06 11.40.39;http://webmail.grad.ufsc.br/horde/imp/message.php3?index=229&ar;1;HP LaserJet 2300 Series PCL6
sunada;27-10-06 11.17.29;Microsoft Word - Declaração de ausência de vínculo empregatício VA_VEDOVETO.doc;1;HP LaserJet 2300 Series PCL6
sunada;27-10-06 11.17.17;Microsoft Word - Declaração de início de atividades_vedoveto_Modelo.doc;1;HP LaserJet 2300 Series PCL6
sunada;27-10-06 11.16.56;Microsoft Word - Declaração de não utilização para fins administrativos_vedoveto.doc;1;HP LaserJet 2300 Series PCL6
moecke;26-10-06 18.34.14;Microsoft Word - Relatorio.doc;15;HP LaserJet 2300 Series PCL6
castillo;26-10-06 18.07.07;Microsoft Word - Formul_rio_Bolsa_Pedro.doc;2;HP LaserJet 2300 Series PCL6
eriberto;26-10-06 17.24.35;Microsoft Word - Relatório1.doc;1;hp deskjet 5550 series
eriberto;26-10-06 17.21.31;Microsoft Word - Relatório1.doc;1;hp deskjet 5550 series
eriberto;26-10-06 17.18.55;Microsoft Word - Relatório1.doc;1;HP LaserJet 2300 Series PCL6
eriberto;26-10-06 17.18.42;Microsoft Word - Relatório1.doc;1;HP LaserJet 2300 Series PCL6
eriberto;26-10-06 17.18.31;Microsoft Word - Relatório1.doc;1;HP LaserJet 2300 Series PCL6
eriberto;26-10-06 17.18.16;Microsoft Word - Relatório1.doc;5;HP LaserJet 2300 Series PCL6
paulo;26-10-06 16.41.39;223.751.479-87-Declaração-IRPF 2006;5;HP LaserJet 2300 Series PCL6
paulo;26-10-06 16.41.16;223.751.479-87-Declaração-IRPF 2006;5;HP LaserJet 2300 Series PCL6
sunada;26-10-06 16.39.20;Microsoft Word - Formulário Bolsa VA_ Coelho_modelo.doc;2;HP LaserJet 2300 Series PCL6
sunada;26-10-06 15.23.09;Cache Server Page;7;HP LaserJet 2300 Series PCL6
mendonca;26-10-06 15.22.53;prova-usi-2006-2.pdf;2;HP LaserJet 2300 Series PCL6
moecke;26-10-06 14.16.03;Microsoft Word - Relatorio.doc;13;HP LaserJet 2300 Series PCL6
helton;26-10-06 12.25.05;Microsoft Word - Relatrio CNPq _Coelho.doc;6;HP LaserJet 2300 Series PCL6
helton;26-10-06 12.24.38;Microsoft Word - Relatrio CNPq _Coelho.doc;1;HP LaserJet 2300 Series PCL6
helton;26-10-06 12.23.19;Microsoft Word - Relatrio CNPq -Domitila.doc;11;HP LaserJet 2300 Series PCL6
helton;26-10-06 12.22.03;Microsoft Word - Relatrio CNPq -Domitila.doc;1;HP LaserJet 2300 Series PCL6
helton;26-10-06 12.21.17;Microsoft Word - Relatrio CNPq -Domitila.doc;1;HP LaserJet 2300 Series PCL6
helton;26-10-06 12.20.09;Microsoft Word - Relatrio CNPq _Coelho.doc;8;HP LaserJet 2300 Series PCL6
victor;26-10-06 12.00.40;Microsoft Word - ajuste_excepcional_20031_MATR.doc;1;HP LaserJet 2300 Series PCL6
helton;26-10-06 11.03.06;Microsoft Word - Exerccios Cap 3.doc;2;HP LaserJet 2300 Series PCL6
helton;26-10-06 11.00.53;Microsoft Word - Avaliação de atuação de bolsista VA_Domitila.doc;1;HP LaserJet 2300 Series PCL6
helton;26-10-06 10.58.41;Microsoft Word - Carta substituição de bolsas Coelho_Domi_Leonardo_Pedro.doc;1;HP LaserJet 2300 Series PCL6
helton;26-10-06 10.50.23;Microsoft Word - Formulário Bolsa VA_Pedro.doc;2;HP LaserJet 2300 Series PCL6
helton;26-10-06 10.50.08;Microsoft Word - Declarao de Início de atividades_Pedro.doc;1;HP LaserJet 2300 Series PCL6
helton;26-10-06 10.50.03;Microsoft Word - Declaração de não utilização para fins administrativos_Pedro.doc;1;HP LaserJet 2300 Series PCL6
helton;26-10-06 10.49.57;Microsoft Word - Declaração de ausência de vínculo empregatício_Pedro.doc;1;HP LaserJet 2300 Series PCL6
helton;26-10-06 10.49.50;Microsoft Word - Avaliação de atuação de bolsista VA_Domitila.doc;1;HP LaserJet 2300 Series PCL6
helton;26-10-06 10.48.26;Microsoft Word - Formulário Bolsa VA_ LeonardoOno.doc;2;HP LaserJet 2300 Series PCL6
helton;26-10-06 10.47.42;Microsoft Word - Declaração de não utilização para fins administrativos_LeonardoOno.doc;1;HP LaserJet 2300 Series PCL6
helton;26-10-06 10.47.24;Microsoft Word - Declaração de início de atividades_LeonardoOno.doc;1;HP LaserJet 2300 Series PCL6
helton;26-10-06 10.47.06;Microsoft Word - Declaração de ausência de vínculo empregatício VA_LeonardoOno.doc;1;HP LaserJet 2300 Series PCL6
helton;26-10-06 10.46.56;Microsoft Word - Avaliação de atuação de bolsista VA_Coelho.doc;1;HP LaserJet 2300 Series PCL6
paravizi;26-10-06 09.29.58;Microsoft Word - Tabela Máquina.doc;1;HP LaserJet 2300 Series PCL6
andrea;25-10-06 19.07.29;Microsoft Word - DECLARAÇÃO DE RESIDÊNCIA.doc;1;HP LaserJet 2300 Series PCL6
rolf;25-10-06 17.42.25;Microsoft Word - Lista assinaturas Profamec 2006.2.doc;2;HP LaserJet 2300 Series PCL6
eriberto;25-10-06 14.35.09;Microsoft Word - Aplicada2.doc;4;HP LaserJet 2300 Series PCL6
eriberto;25-10-06 14.34.06;Microsoft Word - Aplicada2.doc;4;HP LaserJet 2300 Series PCL6
eriberto;25-10-06 14.33.58;Microsoft Word - Aplicada2.doc;4;HP LaserJet 2300 Series PCL6
rolf;25-10-06 12.17.34;Microsoft Word - justificativa_eleitoral_2006pb.doc;1;HP LaserJet 2300 Series PCL6
pabloja;25-10-06 11.27.10;Microsoft Word - Curriculo_ufsc_PABLO.doc;2;HP LaserJet 2300 Series PCL6
pabloja;25-10-06 11.23.56;Microsoft Word - Curriculo_ufsc_PABLO.doc;2;HP LaserJet 2300 Series PCL6
pabloja;25-10-06 11.21.12;Microsoft Word - Curriculo_ufsc_PABLO.doc;2;HP LaserJet 2300 Series PCL6
mauricio;25-10-06 11.14.49;http://srv.emc.ufsc.br/labtermo/roteiro_segundo_experimento_de_mec_flu_dos.pdf;3;HP LaserJet 2300 Series PCL6
mortari;25-10-06 11.14.07;http://srv.emc.ufsc.br/labtermo/roteiro_segundo_experimento_de_mec_flu_dos.pdf;3;HP LaserJet 2300 Series PCL6
tajes;25-10-06 10.46.52;1.5.14. Modeling and optimizati.PDF;9;HP LaserJet 2300 Series PCL6
rolf;24-10-06 16.37.51;Microsoft Word - Testecgr7062.doc;1;HP LaserJet 2300 Series PCL6
castillo;24-10-06 16.14.41;Microsoft Word - Dear Eggelhöfer.doc;1;HP LaserJet 2300 Series PCL6
rolf;24-10-06 15.37.35;Microsoft Word - Lista assinaturas Tecusdef 2006.2.doc;1;HP LaserJet 2300 Series PCL6
a.carlos;24-10-06 15.19.06;metrologia.pdf;9;HP LaserJet 2300 Series PCL6
victor;24-10-06 11.52.43;Fundamentals of Heat and Mass Transfer [Frank P.Incropera - David P.DeWitt] Solution Manual - CH07.pdf;1;HP LaserJet 2300 Series PCL6
victor;24-10-06 11.51.06;Fundamentals of Heat and Mass Transfer [Frank P.Incropera - David P.DeWitt] Solution Manual - CH07.pdf;1;HP LaserJet 2300 Series PCL6
victor;24-10-06 11.49.42;Fundamentals of Heat and Mass Transfer [Frank P.Incropera - David P.DeWitt] Solution Manual - CH07.pdf;1;HP LaserJet 2300 Series PCL6
victor;24-10-06 11.44.58;Fundamentals of Heat and Mass Transfer [Frank P.Incropera - David P.DeWitt] Solution Manual - CH07.pdf;1;HP LaserJet 2300 Series PCL6
victor;24-10-06 11.44.25;Fundamentals of Heat and Mass Transfer [Frank P.Incropera - David P.DeWitt] Solution Manual - CH07.pdf;1;HP LaserJet 2300 Series PCL6
victor;24-10-06 11.42.45;Microsoft Word - Doc2.doc;1;HP LaserJet 2300 Series PCL6
victor;24-10-06 11.27.57;Fundamentals of Heat and Mass Transfer [Frank P.Incropera - David P.DeWitt] Solution Manual - CH07.pdf;1;HP LaserJet 2300 Series PCL6
victor;24-10-06 11.17.30;Fundamentals of Heat and Mass Transfer [Frank P.Incropera - David P.DeWitt] Solution Manual - CH07.pdf;1;HP LaserJet 2300 Series PCL6
anacristina;23-10-06 15.57.37;Lewis[1].pdf;2;HP LaserJet 2300 Series PCL6
anacristina;23-10-06 15.55.49;Lista2[1].pdf;4;HP LaserJet 2300 Series PCL6
joviano;23-10-06 12.18.15;https://www.tam.com.br/b2c/jsps/dci/ptImprime.jsp;1;HP LaserJet 2300 Series PCL6
victor;23-10-06 11.57.22;Microsoft Word - USICAV_Victor.doc;1;HP LaserJet 2300 Series PCL6
helton;23-10-06 11.50.35;Microsoft Word - Curriculum.doc;3;HP LaserJet 2300 Series PCL6
victor;23-10-06 11.17.18;Microsoft Word - Victor.doc;1;HP LaserJet 2300 Series PCL6
victor;23-10-06 10.55.37;Fundamentals of Heat and Mass Transfer [Frank P.Incropera - David P.DeWitt] Solution Manual - CH07.pdf;1;HP LaserJet 2300 Series PCL6
victor;23-10-06 10.55.04;Fundamentals of Heat and Mass Transfer [Frank P.Incropera - David P.DeWitt] Solution Manual - CH07.pdf;1;HP LaserJet 2300 Series PCL6
victor;23-10-06 10.49.20;Fundamentals of Heat and Mass Transfer [Frank P.Incropera - David P.DeWitt] Solution Manual - CH07.pdf;8;HP LaserJet 2300 Series PCL6
a.carlos;22-10-06 17.26.05;Microsoft Word - Lista2-AntonioBitencourt.doc;5;HP LaserJet 2300 Series PCL6
rolf;20-10-06 16.21.38;Microsoft Word - Lista assinaturas Fabexp 2006.2.doc;1;HP LaserJet 2300 Series PCL6
rolf;20-10-06 16.20.13;Microsoft Word - Lista assinaturas Tecusdef 2006.2.doc;1;HP LaserJet 2300 Series PCL6
rolf;20-10-06 16.19.23;Microsoft Word - Lista assinaturas Profamec 2006.2.doc;2;HP LaserJet 2300 Series PCL6
tajes;20-10-06 13.59.32;http://aspro01.npd.ufsc.br/cagr/camt/atestadoMatricula2.asp;1;HP LaserJet 2300 Series PCL6
victor;20-10-06 10.43.55;http://aspro01.npd.ufsc.br/cagr/camt/atestadoMatricula2.asp;1;HP LaserJet 2300 Series PCL6
castillo;20-10-06 10.41.12;2.3.10. A torque and thrust prediction model for drilling of composite materials.pdf;11;HP LaserJet 2300 Series PCL6
rolf;20-10-06 10.07.55;Microsoft Word - Planejamento aulas 2006.2.doc;1;HP LaserJet 2300 Series PCL6
rolf;20-10-06 10.04.25;Microsoft Word - Testecgr6062.doc;1;HP LaserJet 2300 Series PCL6
rolf;20-10-06 10.03.09;Microsoft Word - Planejamento aulas 2006.2.doc;1;HP LaserJet 2300 Series PCL6
victor;19-10-06 21.44.14;Microsoft Word - tarbalho hidraulica.doc;4;HP LaserJet 2300 Series PCL6
victor;19-10-06 21.39.06;Microsoft Word - tarbalho hidraulica.doc;4;HP LaserJet 2300 Series PCL6
eriberto;19-10-06 18.50.50;http://aspro01.npd.ufsc.br/cagr/camt/atestadoMatricula2.asp;1;HP LaserJet 2300 Series PCL6
eriberto;19-10-06 18.50.35;http://aspro01.npd.ufsc.br/cagr/camt/espelhomatricula2.asp;2;HP LaserJet 2300 Series PCL6
victor;19-10-06 18.43.09;Microsoft Word - ajuste_excepcional_20031_MATR.doc;1;HP LaserJet 2300 Series PCL6
victor;19-10-06 18.37.46;Microsoft Word - ajuste_excepcional_20031_MATR.doc;1;HP LaserJet 2300 Series PCL6
victor;19-10-06 18.22.14;Microsoft Word - ajuste_excepcional_20031_MATR.doc;1;HP LaserJet 2300 Series PCL6
mortari;19-10-06 17.46.03;UFSC/NPD - Atestado de Matrícula;2;HP LaserJet 2300 Series PCL6
victor;19-10-06 17.44.19;http://aspro01.npd.ufsc.br/cagr/camt/atestadoMatricula2.asp;1;HP LaserJet 2300 Series PCL6
joviano;19-10-06 16.55.13;Impressão de fax em página inteira;2;HP LaserJet 2300 Series PCL6
castillo;19-10-06 16.14.36;Microsoft Word - Este_estudo_tem_por_objetivo_divulgar_n_o_s__a_viabilidade_de_se[1].doc;2;HP LaserJet 2300 Series PCL6
suguino;19-10-06 15.27.04;Microsoft Word - designemg.doc;47;HP LaserJet 2300 Series PCL6
pabloja;19-10-06 15.11.38;OP0304.pdf;15;HP LaserJet 2300 Series PCL6
mauricio;19-10-06 14.52.48;Microsoft PowerPoint - 04_PROBABILIDADE;24;HP LaserJet 2300 Series PCL6
suguino;19-10-06 14.28.32;00887943.pdf;4;HP LaserJet 2300 Series PCL6
suguino;19-10-06 14.28.22;00507168.pdf;3;HP LaserJet 2300 Series PCL6
rolf;19-10-06 12.46.23;Microsoft Word - Reuniao-outubro-2006.doc;3;HP LaserJet 2300 Series PCL6
rolf;19-10-06 12.30.23;Microsoft Word - Ementa_emc5245_2006.2.doc;2;HP LaserJet 2300 Series PCL6
rolf;19-10-06 12.25.33;Microsoft Word - Planejamento aulas 2006.2.doc;1;HP LaserJet 2300 Series PCL6
rolf;19-10-06 12.23.59;Microsoft Word - Planejamento aulas 2006.2.doc;1;HP LaserJet 2300 Series PCL6
rolf;19-10-06 12.23.26;Microsoft Word - Lista assinaturas Profamec 2006.2.doc;2;HP LaserJet 2300 Series PCL6
rolf;19-10-06 12.18.22;Microsoft Word - Planejamento aulas 2006.2.doc;1;HP LaserJet 2300 Series PCL6
ademir;19-10-06 11.38.19;Microsoft Word - mestrado velhao.doc;1;HP LaserJet 2300 Series PCL6
moecke;19-10-06 11.03.57;http://www.inf.ufsc.br/~santos/ine5366/slides/lecture10-benchmarks.pdf;7;HP LaserJet 2300 Series PCL6
moecke;19-10-06 11.03.29;http://www.inf.ufsc.br/~santos/ine5366/slides/lecture09-performance.pdf;5;HP LaserJet 2300 Series PCL6
moecke;19-10-06 11.03.03;http://www.inf.ufsc.br/%7Esantos/ine5366/aulas.htm;2;HP LaserJet 2300 Series PCL6
pabloja;18-10-06 17.13.18;C:\Documents and Settings\pabloja\Configurações locais\Dados de aplicativos\Mozilla\Firefox\Profiles\4uzhyvgr.default\Cache\DA02FAA6d01.pdf;1;HP LaserJet 2300 Series PCL6
joviano;18-10-06 16.19.43;Não-Linear-8.pdf;2;HP LaserJet 2300 Series PCL6
joviano;18-10-06 16.19.30;Não-Linear-7.pdf;1;HP LaserJet 2300 Series PCL6
joviano;18-10-06 16.19.16;Não-Linear-6.pdf;1;HP LaserJet 2300 Series PCL6
joviano;18-10-06 16.19.02;Não-Linear-5.pdf;2;HP LaserJet 2300 Series PCL6
joviano;18-10-06 16.18.49;Não-Linear-4.pdf;2;HP LaserJet 2300 Series PCL6
joviano;18-10-06 16.18.35;Não-Linear-3.pdf;1;HP LaserJet 2300 Series PCL6
joviano;18-10-06 16.18.21;Não-Linear-2.pdf;1;HP LaserJet 2300 Series PCL6
joviano;18-10-06 16.18.07;Não-Linear-1.pdf;2;HP LaserJet 2300 Series PCL6
joviano;18-10-06 16.17.53;Malha-5.pdf;2;HP LaserJet 2300 Series PCL6
joviano;18-10-06 16.17.39;Malha-4.pdf;1;HP LaserJet 2300 Series PCL6
joviano;18-10-06 16.17.25;Malha-3.pdf;2;HP LaserJet 2300 Series PCL6
joviano;18-10-06 16.17.11;Malha-2.pdf;2;HP LaserJet 2300 Series PCL6
joviano;18-10-06 16.15.14;Malha-1.pdf;1;HP LaserJet 2300 Series PCL6
joviano;18-10-06 16.13.40;Malha.pdf;1;HP LaserJet 2300 Series PCL6
joviano;18-10-06 16.11.55;Cosmos.pdf;3;HP LaserJet 2300 Series PCL6
mitja;18-10-06 14.07.26;Microsoft Word - handy1.doc;1;HP LaserJet 2300 Series PCL6
mitja;18-10-06 14.06.15;Virtually There - Reiseplan  ausdruckbar nach Kategorie;2;HP LaserJet 2300 Series PCL6
a.carlos;18-10-06 13.32.23;Microsoft Word - Destinatário.doc;1;HP LaserJet 2300 Series PCL6
moecke;18-10-06 13.12.47;http://ntsat04.sef.sc.gov.br/DarOnLine/dar35.aspx?numDoc=604200;1;HP LaserJet 2300 Series PCL6
moecke;18-10-06 13.12.34;http://ntsat04.sef.sc.gov.br/DarOnLine/dar35.aspx?numDoc=604200;1;HP LaserJet 2300 Series PCL6
moecke;18-10-06 13.10.58;http://ntsat04.sef.sc.gov.br/DarOnLine/dar35.aspx?numDoc=604200;2;HP LaserJet 2300 Series PCL6
moecke;18-10-06 13.09.13;http://ntsat04.sef.sc.gov.br/DarOnLine/dar35.aspx?numDoc=604200;2;HP LaserJet 2300 Series PCL6
andrea;18-10-06 12.56.16;Microsoft Word - andrea.doc;2;HP LaserJet 2300 Series PCL6
sunada;18-10-06 12.25.56;Microsoft Word - Prorr_Sunada3.doc;1;hp deskjet 5550 series
mauricio;18-10-06 12.08.33;Microsoft Word - LiviadeFátimaDomingos[1].doc;1;HP LaserJet 2300 Series PCL6
moecke;18-10-06 10.29.35;Gmail - RES: Digital Avaiana;2;HP LaserJet 2300 Series PCL6
rolf;18-10-06 10.03.11;Microsoft Word - Lista assinaturas Tecusdef 2006.2.doc;1;HP LaserJet 2300 Series PCL6
rolf;18-10-06 10.02.18;Microsoft Word - Testecgr6062.doc;1;HP LaserJet 2300 Series PCL6
rolf;18-10-06 09.59.33;Microsoft Word - Testecgr6062.doc;1;HP LaserJet 2300 Series PCL6
suguino;18-10-06 09.58.31;circuito opto-acoplador.pdf;1;HP LaserJet 2300 Series PCL6
sunada;17-10-06 17.15.02;Microsoft Word - Prorr_Sunada3.doc;2;hp deskjet 5550 series
a.carlos;17-10-06 16.09.01;FormularioBolsa_AntonioBitencourt.xls;1;hp deskjet 5550 series
guigo;16-10-06 21.17.56;Microsoft Word - tabela cbhpm-doc.doc;2;HP LaserJet 2300 Series PCL6
guigo;16-10-06 21.16.07;Microsoft Word - tabela cbhpm-doc.doc;2;HP LaserJet 2300 Series PCL6
guigo;16-10-06 21.13.42;Microsoft Word - tabela cbhpm-doc.doc;2;HP LaserJet 2300 Series PCL6
Felipe;16-10-06 18.38.34;Dissertacao_Evandro.pdf;44;HP LaserJet 2300 Series PCL6
rolf;16-10-06 16.00.49;Microsoft Word - FAT_Victor.doc;2;HP LaserJet 2300 Series PCL6
rolf;16-10-06 16.00.46;Microsoft Word - FAT_Tognetta.doc;1;HP LaserJet 2300 Series PCL6
rolf;16-10-06 16.00.44;Microsoft Word - FAT_Tajes.doc;2;HP LaserJet 2300 Series PCL6
rolf;16-10-06 15.57.57;Microsoft Word - FAT_Rafael.doc;2;HP LaserJet 2300 Series PCL6
rolf;16-10-06 15.57.48;Microsoft Word - FAT_Pablo.doc;1;HP LaserJet 2300 Series PCL6
rolf;16-10-06 15.57.33;Microsoft Word - FAT_Leonardo.doc;1;HP LaserJet 2300 Series PCL6
rolf;16-10-06 15.57.26;Microsoft Word - Planejamento atividades_06102006.doc;3;HP LaserJet 2300 Series PCL6
sena;16-10-06 15.29.21;Microsoft Word - Tabela Máquina.doc;1;HP LaserJet 2300 Series PCL6
andrea;16-10-06 13.34.44;Microsoft Word - andrea.doc;1;HP LaserJet 2300 Series PCL6
andrea;16-10-06 12.58.35;Microsoft Word - andrea.doc;2;HP LaserJet 2300 Series PCL6
helton;16-10-06 12.15.00;Microsoft Word - Declaração de início de atividades_Bruno.doc;1;HP LaserJet 2300 Series PCL6
sena;16-10-06 08.53.27;Microsoft Word - Tabela Máquina.doc;10;HP LaserJet 2300 Series PCL6
sena;13-10-06 14.58.43;Microsoft Word - Tabela Máquina.doc;1;HP LaserJet 2300 Series PCL6
rolf;13-10-06 14.23.52;Microsoft Word - Testecgr5062.doc;1;HP LaserJet 2300 Series PCL6
rolf;13-10-06 14.21.43;Microsoft Word - Testecgr5062.doc;1;HP LaserJet 2300 Series PCL6
rolf;13-10-06 14.16.31;Microsoft Word - carta_de_referencia_juliana.doc;2;HP LaserJet 2300 Series PCL6
rolf;13-10-06 14.06.45;Fabricação Experimental - estrutura e cronograma;1;HP LaserJet 2300 Series PCL6
rolf;13-10-06 09.53.35;Microsoft PowerPoint - Palestra UCS_14102005_futura;1;HP LaserJet 2300 Series PCL6
rolf;13-10-06 09.50.01;Palestra_up_caxias.pdf;1;HP LaserJet 2300 Series PCL6
rolf;13-10-06 09.49.08;Tecusdef I_Açoforja_310105.pdf;4;HP LaserJet 2300 Series PCL6
anacristina;13-10-06 09.41.55;E:\PDF\COBEM2005-0592.pdf;1;HP LaserJet 2300 Series PCL6
anacristina;13-10-06 09.41.38;E:\PDF\COBEM2005-1021.pdf;1;HP LaserJet 2300 Series PCL6
anacristina;13-10-06 09.41.20;E:\PDF\COBEM2005-0284.pdf;1;HP LaserJet 2300 Series PCL6
anacristina;13-10-06 09.40.53;E:\PDF\COBEM2005-1218.pdf;1;HP LaserJet 2300 Series PCL6
anacristina;13-10-06 09.36.53;Flash;1;HP LaserJet 2300 Series PCL6
anacristina;13-10-06 09.36.31;Flash;1;HP LaserJet 2300 Series PCL6
anacristina;13-10-06 09.32.13;E:\artigos\COF_041001033.pdf;1;HP LaserJet 2300 Series PCL6
anacristina;13-10-06 09.31.32;E:\artigos\COF_012003029.pdf;1;HP LaserJet 2300 Series PCL6
anacristina;13-10-06 09.31.00;E:\artigos\COF_011118592.pdf;1;HP LaserJet 2300 Series PCL6
anacristina;13-10-06 09.30.05;E:\artigos\COF_011100473.pdf;1;HP LaserJet 2300 Series PCL6
anacristina;13-10-06 09.28.02;E:\artigos\COF_011016069.pdf;1;HP LaserJet 2300 Series PCL6
anacristina;13-10-06 09.27.03;E:\artigos\COF_011010034.pdf;1;HP LaserJet 2300 Series PCL6
anacristina;13-10-06 09.26.03;E:\artigos\COF_011006025.pdf;1;HP LaserJet 2300 Series PCL6
anacristina;13-10-06 09.24.20;E:\artigos\COF_011007026.pdf;1;HP LaserJet 2300 Series PCL6
rolf;13-10-06 08.55.43;Microsoft Word - Testecgr5062.doc;1;HP LaserJet 2300 Series PCL6
rolf;11-10-06 18.30.49;Microsoft Word - carta_relprogfunc2006.doc;1;HP LaserJet 2300 Series PCL6
rolf;11-10-06 18.24.40;Microsoft Word - Relprogfunc_profassoc1_2006.doc;10;HP LaserJet 2300 Series PCL6
rolf;11-10-06 17.54.21;Microsoft Word - Relatório FINEP - Final_VA 2003_2005_02022006-Impressao.doc;5;HP LaserJet 2300 Series PCL6
rolf;11-10-06 17.52.01;Microsoft Word - RELATORIO_FINEP_AGOSTO_2005_rolf.doc;3;HP LaserJet 2300 Series PCL6
rolf;11-10-06 14.56.32;Microsoft Word - Relprogfunc_profassoc1_2006.doc;10;HP LaserJet 2300 Series PCL6
rolf;11-10-06 14.27.37;Microsoft Word - Relprogfunc_profassoc1_2006.doc;10;HP LaserJet 2300 Series PCL6
Felipe;11-10-06 14.18.26;PauloGustavoBalthazarGonçalves_157.pdf;1;HP LaserJet 2300 Series PCL6
pabloja;11-10-06 12.57.37;NPD/UFSC - Sistema Acadêmico da Graduação;1;HP LaserJet 2300 Series PCL6
rolf;11-10-06 09.34.28;tabeladepontuacao_rolf.XLS;1;HP LaserJet 2300 Series PCL6
rolf;11-10-06 09.33.14;tabeladepontuacao_rolf.XLS;1;HP LaserJet 2300 Series PCL6
rolf;11-10-06 09.33.07;tabeladepontuacao_rolf.XLS;1;HP LaserJet 2300 Series PCL6
rolf;11-10-06 09.32.54;tabeladepontuacao_rolf.XLS;1;HP LaserJet 2300 Series PCL6
rolf;11-10-06 09.32.46;tabeladepontuacao_rolf.XLS;2;HP LaserJet 2300 Series PCL6
rolf;11-10-06 09.32.34;tabeladepontuacao_rolf.XLS;1;HP LaserJet 2300 Series PCL6
rolf;10-10-06 17.09.04;Microsoft Word - carta_relprogfunc2006.doc;1;HP LaserJet 2300 Series PCL6
andrea;10-10-06 17.08.37;Microsoft Word - Questões irrespondíveis.continuação.doc;1;HP LaserJet 2300 Series PCL6
rolf;10-10-06 17.08.37;Microsoft Word - Relprogfunc2006.doc;11;HP LaserJet 2300 Series PCL6
sunada;10-10-06 16.30.03;Impressão de foto de página inteira;1;HP LaserJet 2300 Series PCL6
sunada;10-10-06 16.25.37;Impressão de fax em página inteira;1;HP LaserJet 2300 Series PCL6
castillo;10-10-06 15.17.17;Microsoft Word - ENTREVISTA PRÉVIA usinagem out 06.doc;4;HP LaserJet 2300 Series PCL6
sena;10-10-06 14.54.53;Microsoft Word - Tabela Máquina.doc;1;HP LaserJet 2300 Series PCL6
victor;10-10-06 14.45.46;Microsoft Word - Hidraulica.doc;2;HP LaserJet 2300 Series PCL6
moecke;10-10-06 13.28.07;http://www.inf.ufsc.br/~vilain/ine5319/Aula09-2006-2-Analise-Exercicios.pdf;3;HP LaserJet 2300 Series PCL6
tognetta;10-10-06 10.24.05;Microsoft Word - Doc1.doc;1;HP LaserJet 2300 Series PCL6
victor;10-10-06 09.54.41;Microsoft Word - cartinha.doc;1;HP LaserJet 2300 Series PCL6
pabloja;10-10-06 09.51.10;UFSC/NPD - Atestado de Matrícula;1;HP LaserJet 2300 Series PCL6
tajes;10-10-06 09.22.46;Microsoft Word - Documento1;1;HP LaserJet 2300 Series PCL6
helton;10-10-06 09.08.37;Microsoft Word - Req vagas bolsistas_091006.doc;2;HP LaserJet 2300 Series PCL6
eriberto;09-10-06 17.29.56;https://www.lmp.ufsc.br/webmail.PDF;2;hp deskjet 5550 series
eriberto;09-10-06 17.23.07;https://www.lmp.ufsc.br/webmail.PDF;4;HP LaserJet 2300 Series PCL6
eriberto;09-10-06 17.21.46;https://www.lmp.ufsc.br/webmail.PDF;8;HP LaserJet 2300 Series PCL6
eriberto;09-10-06 17.17.54;https://www.lmp.ufsc.br/webmail.PDF;2;HP LaserJet 2300 Series PCL6
eriberto;09-10-06 17.17.28;Microsoft Word - B1C7E8ED.doc;2;HP LaserJet 2300 Series PCL6
mauricio;09-10-06 17.05.31;Microsoft Word - Documento em Microsoft Internet Explorer;1;HP LaserJet 2300 Series PCL6
eriberto;09-10-06 16.57.17;Microsoft Word - CPD_Eriberto.doc;1;HP LaserJet 2300 Series PCL6
rolf;09-10-06 16.56.18;Quem tem direito a progredir de Adjunto 4 para Associado 1;2;HP LaserJet 2300 Series PCL6
mauricio;09-10-06 16.40.33;http://br.f529.mail.yahoo.com/ym/ShowLetter?MsgId=6953_39990774;2;HP LaserJet 2300 Series PCL6
mauricio;09-10-06 16.39.45;http://br.f529.mail.yahoo.com/ym/ShowLetter?MsgId=7016_31690261;2;HP LaserJet 2300 Series PCL6
mauricio;09-10-06 16.37.28;http://aspro01.npd.ufsc.br/cagr/camt/espelhomatricula2.asp;2;HP LaserJet 2300 Series PCL6
mauricio;09-10-06 16.36.58;http://aspro01.npd.ufsc.br/cagr/cahi/historico2.asp;2;HP LaserJet 2300 Series PCL6
rolf;09-10-06 16.00.37;Microsoft Word - R018cun2006.doc;13;HP LaserJet 2300 Series PCL6
rolf;09-10-06 15.58.04;Microsoft Word - R018cun2006.doc;13;HP LaserJet 2300 Series PCL6
rolf;09-10-06 15.54.56;Microsoft Word - R018cun2006.doc;23;HP LaserJet 2300 Series PCL6
wagner;09-10-06 14.43.37;Untitled - Notepad;1;HP LaserJet 2300 Series PCL6
wagner;09-10-06 09.46.53;visumantrag_s_p_d_e.pdf;4;HP LaserJet 2300 Series PCL6
rolf;09-10-06 09.05.17;Microsoft Word - Testecgr4062.doc;1;HP LaserJet 2300 Series PCL6
a.carlos;06-10-06 18.43.50;Microsoft Word - Lista1.doc;1;HP LaserJet 2300 Series PCL6
a.carlos;06-10-06 18.37.49;Lista1.pdf;1;HP LaserJet 2300 Series PCL6
a.carlos;06-10-06 18.35.40;Lista1.pdf;3;HP LaserJet 2300 Series PCL6
Felipe;06-10-06 15.30.10;PauloGustavoBalthazarGonçalves_156.pdf;2;HP LaserJet 2300 Series PCL6
paravizi;06-10-06 15.09.39;Microsoft Word - Tabela Máquina.doc;1;HP LaserJet 2300 Series PCL6
coelho;06-10-06 14.32.14;Microsoft Word - Declaração_matricula_intercambio.doc;1;HP LaserJet 2300 Series PCL6
pabloja;06-10-06 13.27.50;Microsoft Word - Universidade_Federal_de_Santa_Catarina.rtf;1;HP LaserJet 2300 Series PCL6
helton;06-10-06 10.04.52;Microsoft Word - Carta Prorr_corrV4.doc;1;HP LaserJet 2300 Series PCL6
helton;06-10-06 10.03.08;Microsoft Word - Carta Prorr_corrV3.doc;3;HP LaserJet 2300 Series PCL6
helton;06-10-06 09.47.27;Microsoft Word - Documento1;1;HP LaserJet 2300 Series PCL6
helton;06-10-06 09.24.31;Microsoft Word - Carta Prorr_corrV2.doc;3;HP LaserJet 2300 Series PCL6
paravizi;05-10-06 20.06.00;Microsoft Word - Declaração_matricula_intercambio_domi.doc;1;HP LaserJet 2300 Series PCL6
rolf;05-10-06 16.52.51;Microsoft Word - art_conem2006_final.doc;6;HP LaserJet 2300 Series PCL6
coelho;05-10-06 16.43.16;Microsoft Word - RegistrationFormRWTH-LuizAlcides.doc;3;HP LaserJet 2300 Series PCL6
coelho;05-10-06 16.34.16;Microsoft Word - RegistrationFormRWTH-LuizAlcides.doc;3;HP LaserJet 2300 Series PCL6
coelho;05-10-06 16.32.42;Microsoft Word - RegistrationFormRWTH-LuizAlcides.doc;3;HP LaserJet 2300 Series PCL6
Felipe;05-10-06 14.57.40;Microsoft Word - Discursive Compositions.doc;2;HP LaserJet 2300 Series PCL6
helton;05-10-06 10.18.03;Microsoft Word - Carta Prorr_corrV2.doc;3;HP LaserJet 2300 Series PCL6
wagner;05-10-06 10.17.19;Sem título - Bloco de notas;1;HP LaserJet 2300 Series PCL6
castillo;05-10-06 09.39.23;QUOTE3041-1.PDF;7;HP LaserJet 2300 Series PCL6
paravizi;05-10-06 09.05.44;Microsoft Word - Tabela Máquina.doc;1;HP LaserJet 2300 Series PCL6
moecke;05-10-06 07.53.29;http://www.inf.ufsc.br/~santos/ine5366/slides/lecture08-IA-32.pdf;5;HP LaserJet 2300 Series PCL6
moecke;05-10-06 07.53.07;http://www.inf.ufsc.br/~santos/ine5366/slides/lecture07-arithmetic.pdf;5;HP LaserJet 2300 Series PCL6
moecke;05-10-06 07.52.50;http://www.inf.ufsc.br/~santos/ine5366/slides/lecture06-modes.pdf;7;HP LaserJet 2300 Series PCL6
rolf;04-10-06 17.00.37;Microsoft Word - Testecgr4062.doc;1;HP LaserJet 2300 Series PCL6
rolf;04-10-06 16.56.09;Microsoft Word - Testecgr7062.doc;1;HP LaserJet 2300 Series PCL6
rolf;04-10-06 16.55.17;Microsoft Word - Testecgr6062.doc;1;HP LaserJet 2300 Series PCL6
sunada;04-10-06 16.33.49;Microsoft Word - 742235B7;1;HP LaserJet 2300 Series PCL6
moecke;04-10-06 15.28.34;Remote Downlevel Document;0;HP LaserJet 2300 Series PCL6
ademir;04-10-06 14.53.07;Microsoft Word - 39-Pedido de Matricula.doc;1;HP LaserJet 2300 Series PCL6
ademir;04-10-06 14.52.34;Microsoft Word - 39-Pedido de Cancelamento de Matricula.doc;1;HP LaserJet 2300 Series PCL6
mortari;04-10-06 14.39.39;Microsoft Word - Documento1;1;HP LaserJet 2300 Series PCL6
mendonca;04-10-06 13.40.50;Microsoft Word - Documento1;1;HP LaserJet 2300 Series PCL6
gustavo;04-10-06 12.25.05;Microsoft Word - Semin_rio_Fresamento_Diretrizes_2.doc;1;HP LaserJet 2300 Series PCL6
anacristina;04-10-06 11.17.07;red-ver-h.pdf;157;HP LaserJet 2300 Series PCL6
pabloja;04-10-06 10.40.50;Microsoft Word - Pablo Eduardo Junges de Abreu.doc;1;HP LaserJet 2300 Series PCL6
rolf;04-10-06 10.19.57;Microsoft Word - Convoca 06.10.2006.doc;1;HP LaserJet 2300 Series PCL6
pabloja;04-10-06 10.14.38;Microsoft Word - Curriculo_ufsc_PABLO.doc;1;HP LaserJet 2300 Series PCL6
rolf;04-10-06 09.58.20;Microsoft Word - Testecgr4062.doc;1;HP LaserJet 2300 Series PCL6
joviano;04-10-06 09.50.38;Impressão de fax em página inteira;1;HP LaserJet 2300 Series PCL6
rolf;04-10-06 09.43.23;Lcgrtecus062_03102006.xls;1;HP LaserJet 2300 Series PCL6
mauricio;03-10-06 19.08.11;Microsoft Word - Mauricio Duarte de Oliveira Alves Tostes.doc;1;HP LaserJet 2300 Series PCL6
mauricio;03-10-06 18.29.27;Microsoft Word - Informa__es_Pessoais.doc;3;HP LaserJet 2300 Series PCL6
rolf;03-10-06 17.03.02;Microsoft Word - Testecgr4062.doc;1;HP LaserJet 2300 Series PCL6
rolf;03-10-06 16.36.29;Microsoft Word - Testecgr4062.doc;1;HP LaserJet 2300 Series PCL6
coelho;03-10-06 16.09.03;Microsoft Word - Tabela Máquina.doc;1;HP LaserJet 2300 Series PCL6
eriberto;03-10-06 15.28.11;capa da apostila.pdf;1;hp deskjet 5550 series
eriberto;03-10-06 15.26.44;Capítulo 3.pdf;14;HP LaserJet 2300 Series PCL6
eriberto;03-10-06 15.25.52;Capítulo 2.pdf;7;HP LaserJet 2300 Series PCL6
eriberto;03-10-06 15.25.31;Capítulo 1.pdf;12;HP LaserJet 2300 Series PCL6
eriberto;03-10-06 15.24.07;Capítulo 1.pdf;8;HP LaserJet 2300 Series PCL6
tajes;03-10-06 14.09.10;2.5.1. Automated Drill Design Software.pdf;13;HP LaserJet 2300 Series PCL6
rolf;03-10-06 14.05.01;Microsoft Word - Reuniões_2006.2_final.doc;2;HP LaserJet 2300 Series PCL6
rolf;03-10-06 14.04.07;Microsoft Word - Propfabexp_2006.2_final;1;HP LaserJet 2300 Series PCL6
coelho;03-10-06 13.48.46;UFSC/NPD - Atestado de Matrícula;1;HP LaserJet 2300 Series PCL6
eriberto;03-10-06 12.20.41;Scan;1;HP LaserJet 2300 Series PCL6
eriberto;03-10-06 12.18.51;Scan;1;HP LaserJet 2300 Series PCL6
eriberto;03-10-06 12.15.55;Scan;1;HP LaserJet 2300 Series PCL6
tognetta;03-10-06 10.59.40;Microsoft Word - 39-Pedido de Matricula.rtf;1;HP LaserJet 2300 Series PCL6
tognetta;03-10-06 10.59.12;UFSC/NPD - Atestado de Matrícula;1;HP LaserJet 2300 Series PCL6
rolf;02-10-06 17.03.48;Convite Prof. Wegener - ETH.pdf;4;HP LaserJet 2300 Series PCL6
rolf;02-10-06 16.59.13; ;1;HP LaserJet 2300 Series PCL6
coelho;02-10-06 16.29.04;Microsoft Word - RegistrationFormRWTH-LuizAlcides.doc;3;HP LaserJet 2300 Series PCL6
mitja;02-10-06 14.48.32;Impressão de fax em página inteira;4;HP LaserJet 2300 Series PCL6
coelho;02-10-06 14.25.51;Microsoft Word - Tabela Máquina2.doc;1;HP LaserJet 2300 Series PCL6
mitja;02-10-06 12.56.28;Reservas OnLine;2;HP LaserJet 2300 Series PCL6
rolf;02-10-06 09.43.17;Fabricação Experimental - Reuniões de Orientação;1;HP LaserJet 2300 Series PCL6
sena;02-10-06 09.35.14;Microsoft Word - Tabela Máquina.doc;5;HP LaserJet 2300 Series PCL6
rolf;02-10-06 09.30.43;Microsoft Word - Testecgr3062.doc;1;HP LaserJet 2300 Series PCL6
rolf;02-10-06 09.29.00;Microsoft Word - Testecgr3062.doc;1;HP LaserJet 2300 Series PCL6
pabloja;29-09-06 13.52.47;Microsoft Word - FAT_Pablo.doc;2;HP LaserJet 2300 Series PCL6
paravizi;29-09-06 13.19.27;Microsoft Word - justificativa_eleitoral_2006pb.doc;1;HP LaserJet 2300 Series PCL6
